claim_id,time_to_close,claim_amount,amount_paid,location,individuals_on_claim,linked_cases,cause
1,317,74474.55,51231.37,RECIFE,15,FALSE,unknown
2,195,52137.83,42111.30,FORTALEZA,12,TRUE,unknown
3,183,24447.2,23986.30,SAO LUIS,10,TRUE,meat
4,186,29006.28,27942.72,FORTALEZA,11,FALSE,meat
5,138,19520.60,16251.06,RECIFE,11,FALSE,vegetable
6,183,47529.14,38011.98,NATAL,11,FALSE,unknown
7,190,39073.26,29826.04,SAO LUIS,12,FALSE,meat
8,183,29870.56,29727.52,SAO LUIS,8,TRUE,unknown
9,149,26644.46,23362.14,RECIFE,9,FALSE,meat
10,149,11544.68,9680.82,NATAL,6,FALSE,vegetable
11,180,31002.60,27110.18,SAO LUIS,8,FALSE,unknown
12,208,29802.86,26505.06,SAO LUIS,8,FALSE,unknown
13,175,23831.65,17145.09,SAO LUIS,7,FALSE,meat
14,223,42626.53,31053.01,RECIFE,12,FALSE,meat
15,265,36210.84,24847.68,NATAL,10,FALSE,meat
16,235,47684.68,33591.00,NATAL,13,FALSE,meat
17,229,40630.59,29160.14,RECIFE,8,FALSE,unknown
18,189,36757.41,30501.00,FORTALEZA,12,FALSE,meat
19,195,10269.56,9160.26,SAO LUIS,4,FALSE,meat
20,204,24765.33,19404.41,RECIFE,8,FALSE,meat
21,129,14881.61,10822.15,FORTALEZA,4,FALSE,meat
22,167,31598.70,22937.73,FORTALEZA,9,FALSE,meat
23,119,25144.17,24675.20,NATAL,10,FALSE,meat
24,190,19898.95,16022.60,SAO LUIS,6,FALSE,meat
25,177,9371.92,7112.45,RECIFE,2,TRUE,unknown
26,170,8916.35,8420.90,FORTALEZA,3,TRUE,meat
27,148,16589.53,14038.96,SAO LUIS,6,FALSE,meat
28,173,23879.46,16113.59,SAO LUIS,11,TRUE,vegetable
29,184,7277.41,5389.97,RECIFE,2,FALSE,unknown
30,177,25249.81,19690.69,SAO LUIS,13,TRUE,vegetable
31,172,12343.57,10961.43,RECIFE,7,TRUE,vegetable
32,237,44241.95,38422.89,FORTALEZA,11,FALSE,unknown
33,184,26030.25,20105.70,NATAL,7,TRUE,unknown
34,262,55464.45,41194.29,NATAL,12,FALSE,unknown
35,136,12263.77,9586.79,SAO LUIS,4,FALSE,meat
36,181,42026.19,29408.54,RECIFE,8,TRUE,unknown
37,161,12528.59,9169.83,SAO LUIS,6,TRUE,vegetable
38,161,16281.68,11322.28,SAO LUIS,8,TRUE,vegetable
39,146,17767.87,15263.33,RECIFE,6,FALSE,meat
40,243,65711.62,46793.75,SAO LUIS,13,FALSE,unknown
41,233,48334.55,35720.92,RECIFE,14,FALSE,meat
42,125,17355.92,12983.27,SAO LUIS,5,FALSE,meat
43,166,8838.44,8487.89,FORTALEZA,6,TRUE,vegetable
44,189,22790.60,20273.70,NATAL,8,FALSE,meat
45,178,23258.79,20821.47,RECIFE,6,FALSE,unknown
46,175,6110.23,4663.12,SAO LUIS,3,TRUE,vegetable
47,111,3077.46,2529.04,SAO LUIS,1,FALSE,meat
48,184,36137.84,31374.56,NATAL,9,TRUE,unknown
49,195,57591.85,41984.51,FORTALEZA,12,TRUE,unknown
50,168,13771.14,9904.09,RECIFE,3,FALSE,unknown
51,301,37147.29,26733.28,RECIFE,11,FALSE,meat
52,192,32133.69,30394.11,SAO LUIS,9,FALSE,unknown
53,250,40247.32,36845.67,SAO LUIS,15,FALSE,meat
54,185,42894.54,31984.52,NATAL,13,FALSE,meat
55,140,8345.22,5999.98,RECIFE,2,FALSE,meat
56,248,31969.06,24105.93,FORTALEZA,10,FALSE,meat
57,196,39392.54,31116.67,FORTALEZA,12,FALSE,meat
58,196,38095.37,25581.59,RECIFE,7,FALSE,unknown
59,172,18427.98,14338.23,SAO LUIS,4,TRUE,unknown
60,189,32457.05,29022.52,RECIFE,12,FALSE,meat
61,190,44480.06,36221.77,RECIFE,14,TRUE,meat
62,192,42555.08,32090.68,NATAL,9,TRUE,unknown
63,168,9329.10,7410.36,RECIFE,5,TRUE,vegetable
64,130,14067.53,9843.57,RECIFE,4,FALSE,meat
65,179,9503.79,6832.72,RECIFE,5,TRUE,vegetable
66,290,44838.93,33501.64,SAO LUIS,10,FALSE,unknown
67,215,47085.36,32161.53,RECIFE,13,FALSE,meat
68,182,41183.99,30185.83,RECIFE,12,TRUE,meat
69,181,21339.17,20777.92,NATAL,8,FALSE,meat
70,159,19517.11,13329.36,SAO LUIS,4,FALSE,unknown
71,105,7971.09,7037.77,RECIFE,3,FALSE,meat
72,188,23351.97,21259.89,RECIFE,6,FALSE,unknown
73,109,5692.89,5542.72,SAO LUIS,2,FALSE,meat
74,267,42740.52,32356.85,FORTALEZA,13,FALSE,meat
75,142,39531.87,29692.78,FORTALEZA,8,FALSE,unknown
76,276,56768.49,43592.36,RECIFE,12,FALSE,unknown
77,293,30218.51,24018.52,NATAL,10,FALSE,meat
78,226,31825.22,27861.15,SAO LUIS,11,FALSE,meat
79,185,36450.49,28474.57,NATAL,8,FALSE,unknown
80,187,47152.41,45277.59,RECIFE,13,TRUE,unknown
81,153,23643.75,17953.93,RECIFE,7,FALSE,meat
82,185,32758.59,24760.80,SAO LUIS,7,TRUE,unknown
83,180,25538.87,22569.33,RECIFE,9,FALSE,meat
84,132,3232.14,2292.95,SAO LUIS,2,FALSE,vegetable
85,157,20304.65,19375.64,NATAL,8,FALSE,meat
86,187,69055.20,47856.59,RECIFE,14,TRUE,unknown
87,181,26795.81,23927.72,NATAL,10,FALSE,meat
88,144,9001.69,6141.51,RECIFE,2,FALSE,meat
89,149,24763.94,23150.88,RECIFE,9,FALSE,meat
90,181,25085.36,24118.04,RECIFE,7,TRUE,unknown
91,187,19109.42,17462.49,FORTALEZA,5,FALSE,unknown
92,200,19855.85,18919.29,SAO LUIS,8,FALSE, Meat
93,172,11906.84,8028.04,RECIFE,5,TRUE,vegetable
94,199,30530.98,25218.88,FORTALEZA,10,FALSE,meat
95,142,19141.61,17378.45,RECIFE,7,FALSE,meat
96,156,18579.63,18072.40,SAO LUIS,7,FALSE,meat
97,138,9598.14,7851.31,RECIFE,2,FALSE,unknown
98,165,12061.01,10679.06,RECIFE,7,FALSE,vegetable
99,208,32233.78,27436.00,SAO LUIS,8,FALSE,unknown
100,273,31881.24,26710.00,RECIFE,11,FALSE,meat
101,148,12484.60,10121.16,FORTALEZA,4,FALSE,meat
102,120,5933.88,5619.19,RECIFE,2,FALSE,unknown
103,178,27699.95,25286.08,RECIFE,7,FALSE,unknown
104,247,50428.11,34744.43,RECIFE,14,FALSE,meat
105,280,34950.96,27954.71,SAO LUIS,11,FALSE,meat
106,238,40329.45,28449.26,SAO LUIS,11,FALSE,meat
107,192,42945.80,35874.42,RECIFE,10,FALSE,unknown
108,134,30234.92,26429.66,SAO LUIS,8,FALSE,unknown
109,148,37307.93,31027.26,NATAL,12,FALSE,meat
110,195,54215.84,41042.83,FORTALEZA,12,TRUE,unknown
111,176,10503.28,10364.14,RECIFE,7,TRUE,vegetable
112,184,18081.04,16183.81,RECIFE,5,FALSE,unknown
113,359,50309.90,20105.70,FORTALEZA,13,FALSE,unknown
114,186,20048.81,17144.27,RECIFE,7,FALSE,meat
115,160,2251.51,2219.79,RECIFE,1,TRUE,vegetable
116,188,36546.28,30010.51,FORTALEZA,12,TRUE,meat
117,355,58629.10,43653.41,SAO LUIS,12,FALSE,unknown
118,148,41644.17,31092.65,FORTALEZA,12,FALSE,meat
119,172,22762.93,22309.06,RECIFE,15,TRUE,vegetable
120,297,40548.36,34869.54,RECIFE,14,FALSE,meat
121,245,43245.25,34362.34,RECIFE,14,FALSE,meat
122,126,16163.79,12768.33,FORTALEZA,5,FALSE,meat
123,179,27920.03,26554.13,SAO LUIS,11,TRUE,meat
124,188,45922.16,45895.84,SAO LUIS,13,TRUE,unknown
125,226,26261.41,19867.20,RECIFE,13,FALSE,vegetable
126,157,11667.58,8055.74,FORTALEZA,2,FALSE,unknown
127,175,14773.84,12590.41,RECIFE,4,TRUE,unknown
128,185,21319.18,17188.55,FORTALEZA,11,FALSE,vegetable
129,127,19563.12,17801.84,RECIFE,7,FALSE,meat
130,108,5122.45,3864.18,RECIFE,2,FALSE,meat
131,218,21417.21,17553.64,SAO LUIS,12,FALSE,vegetable
132,229,49996.77,33844.26,SAO LUIS,10,FALSE,unknown
133,167,25832.50,25051.57,RECIFE,10,FALSE, Meat
134,248,62374.58,45571.01,RECIFE,13,FALSE,unknown
135,238,39373.74,35577.66,SAO LUIS,14,FALSE,meat
136,179,26052.69,18925.55,NATAL,13,TRUE,vegetable
137,167,5272.65,4017.67,RECIFE,1,TRUE,unknown
138,144,27394.44,22478.67,RECIFE,15,FALSE,vegetable
139,118,21315.28,14673.73,RECIFE,10,FALSE,vegetable
140,102,8099.37,5889.60,RECIFE,2,FALSE,unknown
141,143,43598.52,42845.72,RECIFE,12,FALSE,unknown
142,172,31238.96,26644.35,RECIFE,11,TRUE,meat
143,175,8456.70,6520.26,SAO LUIS,2,TRUE,unknown
144,133,4845.03,4073.49,RECIFE,2,FALSE,meat
145,186,31809.16,27679.64,NATAL,11,TRUE,meat
146,178,30765.72,28749.82,RECIFE,11,FALSE,meat
147,227,29914.28,22044.84,RECIFE,9,FALSE,meat
148,168,23185.21,18800.69,SAO LUIS,5,FALSE,unknown
149,182,28824.94,23075.37,SAO LUIS,7,TRUE,unknown
150,214,64683.94,45939.02,SAO LUIS,13,FALSE,unknown
151,175,23810.30,17880.28,FORTALEZA,5,FALSE,unknown
152,176,22493.91,15524.57,NATAL,6,TRUE,meat
153,165,23180.57,22194.52,RECIFE,15,FALSE,vegetable
154,149,19395.99,13770.93,RECIFE,9,FALSE,vegetable
155,190,48196.50,33724.88,NATAL,10,TRUE,unknown
156,358,59348.20,51723.15,RECIFE,15,FALSE,unknown
157,163,26015.44,17752.54,RECIFE,7,FALSE,meat
158,234,43356.97,37276.63,RECIFE,11,FALSE,unknown
159,115,6555.69,5642.10,RECIFE,2,FALSE,unknown
160,173,14087.29,13114.61,FORTALEZA,5,TRUE,meat
161,139,17181.07,12401.46,NATAL,5,FALSE,meat
162,171,8802.57,7357.93,RECIFE,3,FALSE,meat
163,159,33754.13,31442.92,RECIFE,13,FALSE,meat
164,204,39443.75,27374.16,NATAL,11,FALSE,meat
165,173,23937.53,21956.84,SAO LUIS,15,TRUE,vegetable
166,210,53075.85,40377.92,RECIFE,12,FALSE,unknown
167,180,25599.38,25590.93,FORTALEZA,10,FALSE,meat
168,144,11454.23,8817.63,RECIFE,3,FALSE,unknown
169,158,19609.24,14325.43,NATAL,10,FALSE,vegetable
170,139,7148.97,6593.30,RECIFE,3,FALSE,meat
171,192,24799.21,20558.99,RECIFE,8,FALSE,meat
172,240,42458.51,29360.39,FORTALEZA,8,FALSE,unknown
173,145,5388.66,4661.99,FORTALEZA,2,FALSE, Meat
174,322,36079.44,20105.70,NATAL,12,FALSE,meat
175,195,27701.93,21740.82,FORTALEZA,9,FALSE,meat
176,161,19842.58,17992.74,FORTALEZA,7,FALSE,meat
177,186,32863.61,25068.08,SAO LUIS,7,FALSE,unknown
178,177,29002.76,23831.19,FORTALEZA,7,TRUE,unknown
179,183,28196.45,20105.70,SAO LUIS,7,TRUE,unknown
180,175,28430.24,21710.85,RECIFE,9,FALSE,meat
181,158,14435.43,10931.44,RECIFE,4,FALSE,meat
182,167,15367.53,10923.58,RECIFE,7,TRUE,vegetable
183,180,34376.49,24227.15,RECIFE,10,TRUE,meat
184,228,50516.14,34000.37,RECIFE,14,FALSE,meat
185,155,25217.53,21816.49,RECIFE,9,FALSE,meat
186,182,55506.68,37680.95,NATAL,11,TRUE,unknown
187,124,18180.94,12644.97,SAO LUIS,5,FALSE,meat
188,237,49877.45,34785.42,FORTALEZA,14,FALSE,meat
189,166,7579.55,7428.36,RECIFE,3,TRUE,meat
190,118,14443.34,9777.64,RECIFE,7,FALSE,vegetable
191,227,39389.83,26588.99,RECIFE,11,FALSE,meat
192,162,21969.47,18637.93,SAO LUIS,7,FALSE,meat
193,119,4166.72,3713.34,NATAL,1,FALSE,unknown
194,207,19109.90,16913.78,SAO LUIS,5,FALSE,unknown
195,256,21493.46,18132.85,RECIFE,7,FALSE,meat
196,109,8944.47,8299.10,RECIFE,3,FALSE,meat
197,174,8922.96,8039.87,SAO LUIS,5,TRUE,vegetable
198,194,15700.36,13837.94,SAO LUIS,4,FALSE,unknown
199,171,4552.15,3097.37,SAO LUIS,2,TRUE,vegetable
200,134,13877.25,11672.13,RECIFE,5,FALSE,meat
201,175,12122.96,9034.93,NATAL,3,TRUE,unknown
202,131,16024.95,13172.48,RECIFE,5,FALSE,meat
203,212,45410.46,36386.24,RECIFE,15,FALSE,meat
204,246,30078.45,20358.30,SAO LUIS,8,FALSE,meat
205,165,29185.24,19598.09,RECIFE,6,FALSE,unknown
206,169,16342.82,16255.06,SAO LUIS,11,TRUE,vegetable
207,230,38209.72,20105.70,FORTALEZA,10,FALSE,unknown
208,210,28843.67,19976.87,NATAL,8,FALSE,meat
209,163,15910.19,10780.79,RECIFE,4,FALSE, Meat
210,217,39803.13,30271.16,RECIFE,12,FALSE,meat
211,169,32409.74,23071.88,RECIFE,9,FALSE,meat
212,168,5939.94,4420.00,FORTALEZA,3,TRUE,vegetable
213,182,20564.37,14715.41,NATAL,6,FALSE,meat
214,262,30199.27,25593.86,RECIFE,7,FALSE,unknown
215,292,68372.47,51458.57,RECIFE,15,FALSE,unknown
216,345,70280.33,51765.31,NATAL,15,FALSE,unknown
217,179,37996.13,28510.11,RECIFE,8,TRUE,unknown
218,219,16755.93,14123.83,RECIFE,4,FALSE,unknown
219,177,20206.14,15051.93,RECIFE,10,TRUE,vegetable
220,174,14321.78,10948.01,NATAL,4,TRUE,meat
221,180,38293.49,35311.41,RECIFE,14,TRUE,meat
222,225,43751.12,32755.11,SAO LUIS,9,FALSE,unknown
223,229,38783.95,28128.29,NATAL,8,FALSE,unknown
224,181,34198.11,26700.32,RECIFE,8,TRUE,unknown
225,207,46302.53,34043.25,RECIFE,10,TRUE,unknown
226,190,32861.12,24943.65,RECIFE,7,TRUE,unknown
227,171,10323.84,7886.84,RECIFE,5,TRUE,vegetable
228,164,7997.15,6138.29,RECIFE,2,FALSE,meat
229,177,27092.86,19489.91,NATAL,13,TRUE,vegetable
230,152,12266.99,10038.94,FORTALEZA,4,FALSE,meat
231,130,12995.85,8732.37,NATAL,3,FALSE,meat
232,180,45708.79,31451.56,RECIFE,13,TRUE,meat
233,203,23871.11,20392.43,RECIFE,14,FALSE,vegetable
234,170,7093.27,4843.22,NATAL,2,TRUE,meat
235,146,34484.35,23502.71,RECIFE,9,FALSE,meat
236,184,44967.11,42071.11,NATAL,12,TRUE,unknown
237,213,30028.79,25146.46,FORTALEZA,10,FALSE,meat
238,137,5803.14,4380.10,RECIFE,2,FALSE,meat
239,203,25329.25,20176.44,RECIFE,8,FALSE, Meat
240,197,59009.46,50898.53,SAO LUIS,15,TRUE,unknown
241,261,39757.38,30627.14,NATAL,12,FALSE,meat
242,138,16463.71,11285.84,RECIFE,5,FALSE,meat
243,224,38597.95,37448.56,RECIFE,15,FALSE,meat
244,143,19683.35,17584.83,NATAL,7,FALSE,meat
245,206,43732.89,33402.41,RECIFE,13,FALSE,meat
246,182,31767.73,27523.10,SAO LUIS,11,FALSE,meat
247,159,22185.02,21497.17,RECIFE,9,FALSE,meat
248,171,12534.72,10854.90,SAO LUIS,4,TRUE,meat
249,193,21638.91,15486.70,SAO LUIS,10,FALSE,vegetable
250,141,14885.49,11344.37,RECIFE,5,FALSE,meat
251,137,7815.30,7004.43,RECIFE,5,FALSE,vegetable
252,159,20161.84,19021.80,SAO LUIS,8,FALSE,meat
253,179,11621.49,8529.47,SAO LUIS,6,TRUE,vegetable
254,267,25158.26,20472.23,SAO LUIS,8,FALSE,meat
255,149,14593.17,10254.81,FORTALEZA,3,FALSE,unknown
256,164,17676.86,12202.68,RECIFE,3,FALSE,unknown
257,325,34705.08,28400.63,FORTALEZA,11,FALSE,meat
258,235,49784.95,34365.44,SAO LUIS,14,FALSE,meat
259,220,38476.94,33941.89,SAO LUIS,10,FALSE,unknown
260,146,9381.06,8431.38,RECIFE,3,FALSE,meat
261,184,19209.45,18128.19,SAO LUIS,12,FALSE,vegetable
262,171,32135.14,27843.99,RECIFE,8,FALSE,unknown
263,293,55156.43,48861.19,RECIFE,14,FALSE,unknown
264,193,30726.17,24351.11,SAO LUIS,7,FALSE,unknown
265,182,40343.58,34289.21,FORTALEZA,14,FALSE,meat
266,140,14148.41,11221.81,RECIFE,4,FALSE,meat
267,181,17289.10,12169.18,RECIFE,8,TRUE,vegetable
268,188,24147.88,17745.28,RECIFE,7,FALSE,meat
269,178,15002.63,11935.05,RECIFE,3,TRUE,unknown
270,244,33841.53,30086.47,SAO LUIS,12,FALSE,meat
271,169,3033.36,2637.94,RECIFE,2,TRUE,vegetable
272,131,9310.09,7280.21,RECIFE,3,FALSE,meat
273,273,45656.54,31291.38,RECIFE,13,FALSE,meat
274,171,8734.76,8147.47,RECIFE,2,TRUE,unknown
275,171,4066.72,4010.65,SAO LUIS,3,TRUE,vegetable
276,318,49919.72,36350.21,SAO LUIS,15,FALSE,meat
277,173,16751.49,12573.11,RECIFE,4,TRUE,unknown
278,135,25379.65,18578.50,FORTALEZA,7,FALSE,meat
279,132,20286.45,14246.79,RECIFE,4,FALSE,unknown
280,228,46582.09,31201.56,RECIFE,9,FALSE,unknown
281,166,16214.45,16040.14,FORTALEZA,11,TRUE,vegetable
282,196,32379.22,23673.74,SAO LUIS,9,FALSE,meat
283,277,32041.49,30510.69,SAO LUIS,12,FALSE,meat
284,254,40297.39,29727.12,RECIFE,8,FALSE,unknown
285,219,48902.70,34787.56,RECIFE,10,FALSE,unknown
286,168,4441.15,4374.81,SAO LUIS,1,TRUE,unknown
287,84,2113.92,2002.67,RECIFE,1,FALSE,vegetable
288,191,23879.71,23080.55,RECIFE,9,FALSE,meat
289,212,47753.83,42348.68,FORTALEZA,12,FALSE,unknown
290,219,34513.08,25671.63,SAO LUIS,10,FALSE,meat
291,104,4954.71,3364.80,FORTALEZA,2,FALSE,vegetable
292,192,41166.66,38660.06,RECIFE,11,TRUE,unknown
293,185,71839.85,49879.03,NATAL,14,TRUE,unknown
294,176,25601.63,22813.00,NATAL,7,TRUE,unknown
295,187,52664.20,50821.91,RECIFE,15,FALSE,unknown
296,121,13908.28,12237.07,RECIFE,3,FALSE,unknown
297,259,60401.35,42228.80,NATAL,12,FALSE,unknown
298,197,25693.14,17551.82,FORTALEZA,7,FALSE,meat
299,184,48905.64,42685.10,FORTALEZA,12,TRUE,unknown
300,178,28364.25,25018.21,SAO LUIS,7,TRUE,unknown
301,146,13532.31,10118.41,FORTALEZA,4,FALSE,meat
302,171,37167.47,26132.87,RECIFE,10,FALSE,meat
303,159,18349.98,14390.61,FORTALEZA,4,FALSE,unknown
304,190,65520.71,47031.55,SAO LUIS,13,TRUE,unknown
305,182,37954.05,37489.78,RECIFE,15,TRUE,meat
306,202,9600.33,9215.55,NATAL,4,FALSE,meat
307,168,12721.45,8922.39,FORTALEZA,6,TRUE,vegetable
308,245,34163.03,26474.03,RECIFE,8,FALSE,unknown
309,341,59752.64,50888.13,RECIFE,15,FALSE,unknown
310,164,41057.15,28696.57,NATAL,8,FALSE,unknown
311,198,23132.47,22040.83,SAO LUIS,9,FALSE,meat
312,169,15188.55,10559.11,RECIFE,7,TRUE,vegetable
313,243,50875.93,36614.57,RECIFE,15,FALSE,meat
314,192,14126.32,9619.60,FORTALEZA,3,FALSE,unknown
315,206,76106.80,52498.75,RECIFE,15,TRUE,unknown
316,181,34686.52,33393.07,FORTALEZA,13,FALSE,meat
317,199,24811.98,16741.71,SAO LUIS,7,FALSE,meat
318,133,8351.58,8007.27,SAO LUIS,5,FALSE,vegetable
319,177,23872.40,17715.65,SAO LUIS,7,FALSE,meat
320,166,7818.63,20105.70,SAO LUIS,5,TRUE,vegetable
321,175,16598.40,14214.57,FORTALEZA,4,TRUE,unknown
322,168,12121.25,10354.79,SAO LUIS,7,FALSE,vegetable
323,162,32677.52,23201.95,SAO LUIS,9,FALSE,meat
324,207,40752.50,32383.46,NATAL,13,FALSE,meat
325,139,16725.10,13979.26,NATAL,4,FALSE,unknown
326,229,30240.58,27420.94,RECIFE,11,FALSE,meat
327,231,36966.69,24699.71,NATAL,10,FALSE,meat
328,174,34898.74,30928.03,NATAL,12,FALSE,meat
329,164,26966.39,26654.64,SAO LUIS,8,FALSE,unknown
330,187,46063.41,30772.46,FORTALEZA,12,FALSE,meat
331,231,14508.05,12023.87,SAO LUIS,5,FALSE,meat
332,262,43659.74,34260.85,RECIFE,10,FALSE,unknown
333,232,26612.07,18760.87,RECIFE,13,FALSE,vegetable
334,134,9645.07,8324.35,NATAL,2,FALSE,unknown
335,180,35058.43,23857.67,RECIFE,7,TRUE,unknown
336,172,26641.48,20696.81,SAO LUIS,8,FALSE,meat
337,119,10049.39,9196.30,NATAL,4,FALSE,meat
338,180,18945.03,13999.60,RECIFE,9,TRUE,vegetable
339,186,37236.74,28684.87,RECIFE,11,TRUE,meat
340,211,43752.01,30336.03,RECIFE,12,FALSE,meat
341,180,46166.13,37359.58,NATAL,11,TRUE,unknown
342,178,40551.05,31544.91,RECIFE,9,TRUE,unknown
343,160,11796.77,9718.70,RECIFE,4,FALSE,meat
344,162,13163.47,10315.76,RECIFE,3,FALSE,unknown
345,143,15580.08,12183.84,FORTALEZA,3,FALSE,unknown
346,148,12345.29,12273.38,SAO LUIS,4,FALSE,unknown
347,275,61209.44,49565.68,SAO LUIS,14,FALSE,unknown
348,182,25154.55,23542.58,NATAL,9,FALSE,meat
349,177,36698.38,30961.12,RECIFE,12,TRUE,meat
350,143,5256.65,4862.73,RECIFE,2,FALSE,meat
351,183,20231.62,15189.17,SAO LUIS,10,TRUE,vegetable
352,110,9917.27,8065.72,NATAL,2,FALSE,unknown
353,142,6878.71,6275.04,NATAL,3,FALSE,meat
354,166,20690.88,15063.17,RECIFE,6,FALSE,meat
355,167,46269.80,32128.11,RECIFE,13,FALSE,meat
356,160,13061.86,11392.04,NATAL,3,FALSE,unknown
357,76,1637.94,1547.96,FORTALEZA,1,FALSE,vegetable
358,187,20499.61,18996.99,RECIFE,8,FALSE,meat
359,198,29661.41,23371.95,RECIFE,9,FALSE,meat
360,240,61454.11,42884.80,RECIFE,12,FALSE,unknown
361,222,34775.86,27833.73,FORTALEZA,11,FALSE,meat
362,231,24259.97,16474.34,RECIFE,5,FALSE,unknown
363,180,18607.22,12832.26,NATAL,4,FALSE,unknown
364,178,27856.76,19150.60,RECIFE,8,FALSE,meat
365,168,9884.04,7765.92,RECIFE,5,TRUE,vegetable
366,181,34052.30,26851.91,RECIFE,11,TRUE,meat
367,173,6807.83,5036.27,SAO LUIS,2,FALSE,meat
368,190,34272.39,24384.89,FORTALEZA,10,FALSE,meat
369,171,28099.14,19309.80,SAO LUIS,6,FALSE,unknown
370,176,33240.57,27344.13,SAO LUIS,8,TRUE,unknown
371,194,20679.88,19693.34,RECIFE,6,FALSE,unknown
372,190,31776.64,30708.88,RECIFE,12,FALSE,meat
373,167,9896.81,7191.76,SAO LUIS,5,TRUE,vegetable
374,257,45345.97,32506.28,NATAL,13,FALSE,meat
375,113,5851.05,5615.08,SAO LUIS,4,FALSE,vegetable
376,179,20564.56,17231.05,RECIFE,7,FALSE,meat
377,173,21156.17,17726.80,SAO LUIS,12,TRUE,vegetable
378,499,75253.00,51526.00,SAO LUIS,15,FALSE,unknown
379,274,32754.02,21944.53,FORTALEZA,15,FALSE,vegetable
380,216,45023.77,38228.64,FORTALEZA,11,FALSE,unknown
381,270,64445.58,43647.04,RECIFE,12,FALSE,unknown
382,152,31257.99,24645.66,FORTALEZA,10,FALSE,meat
383,186,14955.80,12612.95,NATAL,5,FALSE,meat
384,129,6421.39,5036.68,RECIFE,3,FALSE,vegetable
385,173,9668.46,7156.30,RECIFE,5,TRUE,vegetable
386,275,37683.29,27406.16,NATAL,8,FALSE,unknown
387,205,38243.85,30983.61,RECIFE,9,FALSE,unknown
388,173,24110.69,17282.56,SAO LUIS,5,TRUE,unknown
389,102,3276.98,2666.33,SAO LUIS,1,FALSE,meat
390,221,36773.55,35530.02,SAO LUIS,14,FALSE,meat
391,299,38793.45,26416.82,RECIFE,11,FALSE, Meat
392,203,50283.88,36923.76,RECIFE,11,FALSE,unknown
393,210,17785.99,17313.55,RECIFE,7,FALSE,meat
394,260,63143.59,43576.21,NATAL,12,FALSE,unknown
395,272,74749.42,50859.31,FORTALEZA,15,FALSE,unknown
396,179,20726.19,20141.71,NATAL,8,FALSE,meat
397,208,21197.97,21036.31,SAO LUIS,8,FALSE,meat
398,152,9687.78,7304.77,RECIFE,3,FALSE,meat
399,175,11114.61,8318.11,NATAL,6,TRUE,vegetable
400,151,31557.52,27494.55,SAO LUIS,8,FALSE,unknown
401,98,4925.53,4902.09,NATAL,1,FALSE,unknown
402,168,6244.40,5400.85,SAO LUIS,2,TRUE,unknown
403,167,10329.85,7474.34,RECIFE,5,TRUE,vegetable
404,290,67538.80,51946.88,RECIFE,15,FALSE,unknown
405,233,53837.94,36775.59,RECIFE,15,FALSE,meat
406,178,39719.53,35550.95,NATAL,14,FALSE,meat
407,326,70608.35,51624.27,SAO LUIS,15,FALSE,unknown
408,367,63568.56,42818.45,RECIFE,12,FALSE,unknown
409,155,34400.42,32194.74,RECIFE,9,FALSE,unknown
410,131,20747.10,18077.67,RECIFE,7,FALSE,meat
411,131,5628.07,5288.41,SAO LUIS,2,FALSE,meat
412,172,8858.51,7916.53,RECIFE,5,TRUE,vegetable
413,169,18736.91,12681.93,NATAL,5,FALSE,meat
414,352,59729.93,47148.43,NATAL,13,FALSE,unknown
415,193,39395.44,28809.60,FORTALEZA,12,FALSE,meat
416,139,12503.68,11980.99,RECIFE,3,FALSE,unknown
417,294,54330.28,42510.94,SAO LUIS,12,FALSE,unknown
418,181,34900.96,34230.77,RECIFE,10,TRUE,unknown
419,223,26558.41,19224.92,SAO LUIS,8,FALSE,meat
420,177,12163.57,11285.99,FORTALEZA,8,FALSE,vegetable
421,158,16074.39,14387.40,RECIFE,6,FALSE,meat
422,133,15868.24,11283.76,FORTALEZA,5,FALSE,meat
423,95,3758.79,2958.82,FORTALEZA,1,FALSE,meat
424,158,7062.51,6185.74,RECIFE,2,FALSE,unknown
425,176,41333.73,30631.68,RECIFE,9,FALSE,unknown
426,196,19417.16,15047.28,NATAL,6,FALSE,meat
427,176,26163.44,17873.33,RECIFE,7,TRUE,meat
428,144,31612.03,28607.20,SAO LUIS,11,FALSE,meat
429,169,16288.43,11438.73,FORTALEZA,5,FALSE,meat
430,170,10860.61,10269.15,RECIFE,7,TRUE,vegetable
431,176,18391.18,15393.47,RECIFE,6,FALSE,meat
432,182,28144.92,21144.83,NATAL,8,FALSE,meat
433,212,25813.20,19628.13,SAO LUIS,8,FALSE,meat
434,199,26388.06,20386.50,RECIFE,14,FALSE,vegetable
435,149,13302.63,9073.86,SAO LUIS,4,FALSE,meat
436,160,10400.83,7277.24,RECIFE,2,FALSE,unknown
437,153,41066.59,29023.98,RECIFE,12,FALSE,meat
438,173,12360.71,8659.13,RECIFE,6,TRUE,vegetable
439,182,22416.25,19358.73,FORTALEZA,13,TRUE,vegetable
440,229,29906.89,20779.30,SAO LUIS,14,FALSE,vegetable
441,141,3360.13,2464.32,RECIFE,2,FALSE,vegetable
442,360,72110.47,48686.66,RECIFE,14,FALSE,unknown
443,118,8547.94,7717.52,RECIFE,3,FALSE,meat
444,191,27070.33,21222.04,RECIFE,6,FALSE,unknown
445,182,31966.97,25713.62,RECIFE,7,TRUE,unknown
446,176,28263.95,19478.01,FORTALEZA,8,FALSE,meat
447,134,7876.57,6988.17,RECIFE,3,FALSE,meat
448,186,34305.41,25837.29,SAO LUIS,10,FALSE,meat
449,174,19523.85,17607.96,FORTALEZA,7,FALSE,meat
450,155,30774.37,30145.74,FORTALEZA,12,FALSE,meat
451,220,45307.39,37379.02,RECIFE,15,FALSE,meat
452,145,13832.42,10414.35,RECIFE,4,FALSE,meat
453,225,28613.26,24002.84,NATAL,10,FALSE,meat
454,370,67547.90,52458.91,RECIFE,15,FALSE,unknown
455,233,52855.05,36788.88,NATAL,15,FALSE,meat
456,153,24206.32,20929.51,FORTALEZA,8,FALSE,meat
457,172,7242.79,5995.63,RECIFE,2,FALSE,meat
458,158,27383.34,21850.99,FORTALEZA,15,FALSE,vegetable
459,202,19093.13,17624.46,FORTALEZA,7,FALSE,meat
460,205,17510.99,13029.72,RECIFE,5,FALSE,meat
461,185,49572.91,48419.74,SAO LUIS,14,FALSE,unknown
462,180,20513.70,17379.23,NATAL,5,FALSE,unknown
463,174,14193.83,10893.94,RECIFE,7,TRUE,vegetable
464,160,25373.42,16957.71,FORTALEZA,5,FALSE,unknown
465,142,26746.52,21997.78,RECIFE,15,FALSE,vegetable
466,169,4280.16,3739.86,RECIFE,2,TRUE,vegetable
467,121,10348.66,7630.57,RECIFE,3,FALSE,meat
468,166,10242.84,9787.76,SAO LUIS,3,TRUE,unknown
469,123,8026.43,5469.15,NATAL,2,FALSE,meat
470,453,68555.40,52255.96,FORTALEZA,15,FALSE,unknown
471,190,39160.48,26458.78,RECIFE,11,FALSE,meat
472,193,33114.01,23090.32,SAO LUIS,9,FALSE,meat
473,327,53783.47,20105.70,RECIFE,14,FALSE,unknown
474,133,3363.93,3272.43,RECIFE,2,FALSE,vegetable
475,185,40145.84,34387.95,RECIFE,10,TRUE,unknown
476,180,51628.64,49413.80,NATAL,14,TRUE,unknown
477,146,22835.48,20292.25,SAO LUIS,6,FALSE,unknown
478,174,45076.15,30109.93,RECIFE,12,FALSE,meat
479,190,17376.30,16451.85,RECIFE,7,FALSE,meat
480,165,4717.31,3551.40,SAO LUIS,2,TRUE,vegetable
481,185,31985.78,22687.01,FORTALEZA,9,TRUE,meat
482,156,21657.28,16629.20,SAO LUIS,7,FALSE,meat
483,168,9899.14,6834.03,FORTALEZA,2,FALSE,unknown
484,232,36770.79,32252.65,RECIFE,13,FALSE,meat
485,174,31448.34,30866.93,NATAL,12,TRUE,meat
486,164,35401.95,28512.69,SAO LUIS,11,FALSE,meat
487,224,43566.39,34889.94,SAO LUIS,14,FALSE,meat
488,279,24620.80,17826.51,FORTALEZA,7,FALSE,meat
489,275,49260.11,35344.88,RECIFE,10,FALSE,unknown
490,214,16856.56,13439.50,RECIFE,9,FALSE,vegetable
491,192,26752.80,24118.70,NATAL,7,FALSE,unknown
492,249,42819.57,32690.87,SAO LUIS,9,FALSE,unknown
493,169,15788.07,12125.47,RECIFE,5,TRUE,meat
494,183,31660.00,27179.63,SAO LUIS,8,FALSE,unknown
495,117,8097.82,6271.51,SAO LUIS,3,FALSE,meat
496,183,29691.61,20105.70,FORTALEZA,8,FALSE,meat
497,141,10823.67,8404.40,RECIFE,3,FALSE,meat
498,176,11882.42,11200.09,RECIFE,3,FALSE,unknown
499,187,55333.01,46075.53,NATAL,13,TRUE,unknown
500,241,41729.68,28624.83,RECIFE,11,FALSE,meat
501,141,6349.44,5392.43,SAO LUIS,2,FALSE,unknown
502,155,16261.94,14515.71,RECIFE,10,FALSE,vegetable
503,145,13935.73,10999.30,SAO LUIS,3,FALSE,unknown
504,159,14644.86,14327.14,RECIFE,6,FALSE,meat
505,215,22601.46,22207.20,NATAL,9,FALSE,meat
506,140,19988.29,18844.81,NATAL,8,FALSE,meat
507,158,10560.29,8346.99,SAO LUIS,3,FALSE,meat
508,156,5955.95,4421.00,RECIFE,1,FALSE,unknown
509,261,46731.23,34217.35,RECIFE,14,FALSE,meat
510,172,11442.10,10999.33,SAO LUIS,7,TRUE,vegetable
511,183,25266.20,21309.77,SAO LUIS,6,FALSE,unknown
512,121,6325.48,6228.26,FORTALEZA,2,FALSE,meat
513,135,24490.52,20703.06,NATAL,6,FALSE,unknown
514,307,33311.48,20105.70,SAO LUIS,8,FALSE,unknown
515,155,37942.79,33839.36,NATAL,10,FALSE,unknown
516,180,20956.28,15878.68,RECIFE,5,TRUE,unknown
517,160,13105.24,12810.36,SAO LUIS,5,FALSE,meat
518,179,9529.28,9247.63,NATAL,4,FALSE,meat
519,113,5137.86,5075.07,NATAL,1,FALSE,unknown
520,126,14586.52,13929.33,SAO LUIS,6,FALSE,meat
521,327,60129.87,43607.81,SAO LUIS,12,FALSE,unknown
522,167,5344.71,4082.18,RECIFE,3,TRUE,vegetable
523,171,16038.61,14931.29,FORTALEZA,10,TRUE,vegetable
524,138,11290.34,9227.14,RECIFE,4,FALSE,meat
525,220,24061.25,21824.21,FORTALEZA,15,FALSE,vegetable
526,153,11914.82,11742.32,NATAL,5,FALSE,meat
527,277,31745.02,21178.59,NATAL,8,FALSE,meat
528,229,25236.82,24919.56,RECIFE,10,FALSE,meat
529,231,41574.58,35254.34,RECIFE,10,FALSE,unknown
530,170,9291.74,6482.68,SAO LUIS,4,TRUE,vegetable
531,170,41621.03,34449.68,NATAL,14,FALSE,meat
532,146,8429.38,8317.46,RECIFE,2,FALSE,unknown
533,164,29327.47,21114.21,FORTALEZA,14,FALSE,vegetable
534,187,38182.27,32117.16,RECIFE,13,TRUE,meat
535,218,54909.77,44522.79,RECIFE,13,FALSE,unknown
536,199,41382.92,30926.40,RECIFE,12,FALSE,meat
537,384,56057.20,50988.68,RECIFE,15,FALSE,unknown
538,178,9885.13,7649.45,FORTALEZA,5,TRUE,vegetable
539,174,21398.30,14314.94,NATAL,10,TRUE,vegetable
540,118,6199.94,5982.63,RECIFE,4,FALSE,vegetable
541,166,12444.52,9058.15,RECIFE,6,FALSE,vegetable
542,136,17882.30,12055.13,SAO LUIS,5,FALSE,meat
543,188,29983.67,21415.17,RECIFE,6,FALSE,unknown
544,147,30404.25,29055.07,SAO LUIS,8,FALSE,unknown
545,136,9358.22,8245.08,FORTALEZA,3,FALSE,meat
546,163,15667.82,14397.74,SAO LUIS,10,FALSE,vegetable
547,419,74840.25,52478.30,SAO LUIS,15,FALSE,unknown
548,174,26899.85,19974.60,RECIFE,13,TRUE,vegetable
549,160,13202.56,13035.70,SAO LUIS,9,FALSE,vegetable
550,162,17806.98,12767.98,RECIFE,5,FALSE,meat
551,166,29564.25,20023.62,RECIFE,8,FALSE,meat
552,182,28701.45,20789.26,NATAL,14,TRUE,vegetable
553,221,37670.40,27565.51,SAO LUIS,8,FALSE,unknown
554,167,35299.91,29593.14,RECIFE,12,FALSE,meat
555,196,28847.79,22985.25,SAO LUIS,9,FALSE,meat
556,189,48100.37,44955.28,SAO LUIS,13,FALSE,unknown
557,276,46972.61,34845.49,RECIFE,10,FALSE,unknown
558,174,15056.45,12135.47,RECIFE,8,TRUE,vegetable
559,149,7232.92,6256.97,RECIFE,3,FALSE,meat
560,257,21295.07,18680.53,RECIFE,7,FALSE,meat
561,232,68964.30,52417.18,RECIFE,15,FALSE,unknown
562,111,14469.12,11062.50,RECIFE,7,FALSE,vegetable
563,260,51003.75,42086.49,NATAL,12,FALSE,unknown
564,142,9198.79,7873.89,NATAL,3,FALSE,meat
565,153,20974.75,17630.25,SAO LUIS,12,FALSE,vegetable
566,189,32161.44,28807.81,RECIFE,12,FALSE,meat
567,127,4279.13,4095.19,RECIFE,1,FALSE,unknown
568,184,47738.03,42988.21,RECIFE,12,FALSE,unknown
569,180,24608.79,20747.38,SAO LUIS,8,TRUE,meat
570,187,43201.18,34103.62,SAO LUIS,10,TRUE,unknown
571,310,59439.87,42127.48,SAO LUIS,12,FALSE,unknown
572,209,44629.97,29853.67,FORTALEZA,12,FALSE,meat
573,285,40054.99,33158.80,NATAL,13,FALSE,meat
574,179,20893.96,15732.51,RECIFE,4,FALSE,unknown
575,175,16898.71,11397.21,RECIFE,8,TRUE,vegetable
576,169,12871.81,20105.70,RECIFE,4,FALSE,meat
577,138,16202.02,10854.27,RECIFE,4,FALSE,meat
578,155,36272.46,29771.67,RECIFE,12,FALSE,meat
579,186,18867.66,17305.37,NATAL,12,TRUE,vegetable
580,184,21257.88,17305.42,SAO LUIS,7,FALSE,meat
581,316,27553.18,22055.82,SAO LUIS,15,FALSE,vegetable
582,198,43605.04,29757.43,RECIFE,12,FALSE,meat
583,178,36195.47,31400.06,RECIFE,9,TRUE,unknown
584,237,64823.83,20105.70,SAO LUIS,14,FALSE,unknown
585,106,13636.26,13084.22,RECIFE,5,FALSE,meat
586,286,53820.75,36502.24,SAO LUIS,10,FALSE,unknown
587,178,14636.92,10894.72,RECIFE,7,FALSE,vegetable
588,241,43240.32,29950.30,SAO LUIS,12,FALSE,meat
589,109,8748.34,6815.83,NATAL,3,FALSE,meat
590,98,3472.13,2773.80,SAO LUIS,2,FALSE,vegetable
591,179,15809.25,11346.88,RECIFE,3,TRUE,unknown
592,235,25488.57,17782.89,NATAL,7,FALSE,meat
593,212,51780.19,46122.65,RECIFE,13,FALSE,unknown
594,177,23503.36,20634.86,FORTALEZA,6,FALSE,unknown
595,122,5612.65,5326.06,FORTALEZA,2,FALSE,meat
596,234,33155.63,29696.61,RECIFE,8,FALSE,unknown
597,181,34438.63,24396.03,NATAL,7,FALSE,unknown
598,218,37175.27,33083.70,SAO LUIS,13,FALSE,meat
599,132,5366.81,4589.93,RECIFE,1,FALSE,unknown
600,253,70342.77,47860.47,RECIFE,14,FALSE,unknown
601,127,8586.70,7239.92,RECIFE,2,FALSE,unknown
602,125,20254.81,17994.71,RECIFE,7,FALSE,meat
603,140,15160.45,10757.38,NATAL,4,FALSE,meat
604,122,11087.70,20105.70,RECIFE,2,FALSE,unknown
605,149,22185.40,15654.89,RECIFE,4,FALSE,unknown
606,184,45049.26,33923.92,FORTALEZA,14,FALSE,meat
607,184,21172.11,15554.76,RECIFE,6,FALSE,meat
608,176,34262.79,31382.97,RECIFE,13,FALSE,meat
609,166,9884.24,7167.24,SAO LUIS,2,FALSE,unknown
610,125,5243.49,4363.89,RECIFE,1,FALSE,unknown
611,212,39024.93,27002.45,FORTALEZA,8,FALSE,unknown
612,169,14708.88,12092.33,RECIFE,8,TRUE,vegetable
613,197,43717.03,36339.31,SAO LUIS,15,FALSE,meat
614,116,15320.42,10609.04,FORTALEZA,3,FALSE,unknown
615,235,54988.67,44811.65,FORTALEZA,13,FALSE,unknown
616,136,16454.45,14205.22,RECIFE,6,FALSE,meat
617,268,56671.38,39799.22,RECIFE,11,FALSE,unknown
618,238,56755.71,51800.50,RECIFE,15,FALSE,unknown
619,190,51785.68,36809.97,RECIFE,15,TRUE,meat
620,248,31592.55,26179.31,FORTALEZA,10,FALSE,meat
621,119,9519.43,6594.26,RECIFE,3,FALSE,meat
622,142,8849.37,6450.64,RECIFE,2,FALSE,unknown
623,192,54767.36,43472.35,RECIFE,12,TRUE,unknown
624,144,9011.37,7392.22,FORTALEZA,3,FALSE,meat
625,213,30968.59,24837.08,SAO LUIS,10,FALSE,meat
626,320,73296.53,49808.09,RECIFE,14,FALSE,unknown
627,175,42483.77,36657.99,RECIFE,15,TRUE,meat
628,161,20403.35,19707.43,SAO LUIS,13,FALSE,vegetable
629,107,18838.95,15902.22,SAO LUIS,6,FALSE,meat
630,139,9424.21,8034.75,NATAL,2,FALSE,unknown
631,168,8215.79,7973.04,NATAL,5,FALSE,vegetable
632,123,2941.41,2605.19,SAO LUIS,2,FALSE,vegetable
633,203,24275.11,18837.54,RECIFE,5,FALSE,unknown
634,101,7295.04,6873.99,FORTALEZA,3,FALSE,meat
635,318,51407.20,37354.05,RECIFE,11,FALSE,unknown
636,213,38140.19,26465.83,FORTALEZA,11,FALSE,meat
637,201,48367.77,32887.40,RECIFE,13,FALSE,meat
638,190,28898.85,25215.89,RECIFE,7,FALSE,unknown
639,176,21576.47,19950.88,RECIFE,6,TRUE,unknown
640,101,4021.16,3963.93,SAO LUIS,1,FALSE,unknown
641,204,40110.19,30895.00,SAO LUIS,12,FALSE,meat
642,223,28089.83,19588.22,RECIFE,8,FALSE,meat
643,178,23543.55,18979.33,RECIFE,13,TRUE,vegetable
644,268,36686.25,35410.37,SAO LUIS,14,FALSE,meat
645,281,45970.24,20105.70,RECIFE,14,FALSE,meat
646,205,39448.11,35510.50,SAO LUIS,14,FALSE,meat
647,181,18420.18,15832.04,SAO LUIS,11,TRUE,vegetable
648,139,13042.37,9818.95,NATAL,4,FALSE,meat
649,244,47635.74,32097.40,RECIFE,9,FALSE,unknown
650,144,11781.16,10985.90,RECIFE,7,FALSE,vegetable
651,184,18992.67,13024.35,FORTALEZA,9,TRUE,vegetable
652,209,44456.83,32994.69,RECIFE,9,FALSE,unknown
653,127,20814.20,16845.69,SAO LUIS,7,FALSE,meat
654,313,35056.46,32168.20,RECIFE,13,FALSE,meat
655,182,27942.22,20307.37,NATAL,8,TRUE,meat
656,174,24263.57,21778.99,FORTALEZA,15,TRUE,vegetable
657,151,27309.17,18918.09,RECIFE,13,FALSE,vegetable
658,215,37882.55,30190.82,SAO LUIS,12,FALSE,meat
659,150,5543.02,3793.89,RECIFE,2,FALSE,meat
660,228,40607.02,28440.44,NATAL,8,FALSE,unknown
661,271,49627.81,42277.28,NATAL,12,FALSE,unknown
662,131,16987.37,16935.72,RECIFE,7,FALSE,meat
663,240,42337.02,35872.42,SAO LUIS,10,FALSE,unknown
664,197,55937.16,40760.97,SAO LUIS,12,TRUE,unknown
665,170,6126.19,5886.49,RECIFE,4,TRUE,vegetable
666,159,2179.59,1557.08,NATAL,1,TRUE,vegetable
667,175,18457.65,15572.10,RECIFE,4,TRUE,unknown
668,284,48579.46,47993.51,FORTALEZA,14,FALSE,unknown
669,159,9390.43,8650.31,RECIFE,3,FALSE,meat
670,251,50813.36,39562.50,NATAL,11,FALSE,unknown
671,186,54657.32,20105.70,RECIFE,13,FALSE,unknown
672,106,4691.95,3534.80,NATAL,2,FALSE,vegetable
673,182,13975.29,11363.33,RECIFE,5,FALSE,meat
674,221,42357.08,36765.29,RECIFE,15,FALSE,meat
675,162,21200.69,19195.59,RECIFE,13,FALSE,vegetable
676,190,45885.48,37171.75,NATAL,15,FALSE,meat
677,183,19989.24,14705.41,NATAL,10,TRUE,vegetable
678,174,53284.79,46000.51,RECIFE,13,FALSE,unknown
679,243,54920.14,45491.28,RECIFE,13,FALSE,unknown
680,182,25913.92,20158.94,NATAL,13,TRUE,vegetable
681,191,36000.71,28886.32,RECIFE,8,FALSE,unknown
682,145,9119.78,6617.49,RECIFE,3,FALSE,meat
683,149,17354.63,14503.82,NATAL,4,FALSE,unknown
684,161,36508.62,25776.28,RECIFE,10,FALSE,meat
685,158,17862.20,17583.14,RECIFE,12,FALSE,vegetable
686,169,33691.35,23098.86,RECIFE,9,FALSE,meat
687,132,11573.05,10961.37,FORTALEZA,3,FALSE,unknown
688,295,58308.28,40455.56,RECIFE,12,FALSE,unknown
689,227,30299.82,21037.69,SAO LUIS,14,FALSE,vegetable
690,177,51352.17,46875.10,RECIFE,13,TRUE,unknown
691,256,37711.25,37114.38,RECIFE,11,FALSE,unknown
692,159,28366.88,20678.45,NATAL,14,FALSE,vegetable
693,180,33437.55,31897.69,SAO LUIS,9,TRUE,unknown
694,95,1764.20,1705.39,NATAL,1,FALSE,vegetable
695,154,12194.23,10306.67,NATAL,7,FALSE,vegetable
696,182,30495.03,30491.96,SAO LUIS,12,FALSE,meat
697,160,26847.46,18789.09,SAO LUIS,13,FALSE,vegetable
698,166,13809.40,13192.79,RECIFE,9,FALSE,vegetable
699,180,18803.13,18088.45,RECIFE,5,FALSE,unknown
700,165,34029.01,23568.10,RECIFE,7,FALSE,unknown
701,158,20688.62,16746.60,RECIFE,7,FALSE,meat
702,181,31933.70,29431.84,SAO LUIS,8,FALSE,unknown
703,93,4393.27,4015.52,NATAL,2,FALSE,meat
704,175,19524.51,17030.31,RECIFE,11,FALSE,vegetable
705,108,9580.55,6793.78,SAO LUIS,3,FALSE,meat
706,179,17063.14,15403.23,RECIFE,10,FALSE,vegetable
707,329,59830.25,52016.39,SAO LUIS,15,FALSE,unknown
708,148,21979.00,20105.70,RECIFE,8,FALSE,meat
709,181,14517.14,12241.78,NATAL,5,TRUE,meat
710,222,46427.34,33180.94,RECIFE,13,FALSE,meat
711,291,39249.72,34050.09,RECIFE,14,FALSE,meat
712,274,65532.44,44185.65,SAO LUIS,13,FALSE,unknown
713,185,42615.82,28748.19,SAO LUIS,11,FALSE,meat
714,177,22167.62,20747.89,RECIFE,14,TRUE,vegetable
715,151,15850.39,14391.36,RECIFE,6,FALSE,meat
716,182,12093.72,10363.66,SAO LUIS,7,FALSE,vegetable
717,138,15019.97,12151.03,SAO LUIS,5,FALSE,meat
718,178,18714.71,15984.54,FORTALEZA,11,TRUE,vegetable
719,161,15812.90,14680.13,SAO LUIS,6,FALSE,meat
720,172,7199.16,5224.39,FORTALEZA,3,TRUE,vegetable
721,287,62146.40,44515.82,NATAL,13,FALSE,unknown
722,177,25634.94,19494.38,SAO LUIS,13,TRUE,vegetable
723,152,11993.43,10149.59,FORTALEZA,4,FALSE,meat
724,184,23755.27,21267.66,RECIFE,9,FALSE,meat
725,182,5499.90,4295.13,RECIFE,2,TRUE,meat
726,136,6894.36,5547.54,RECIFE,2,FALSE,unknown
727,150,22059.48,17662.26,NATAL,12,FALSE,vegetable
728,172,15630.00,14004.73,FORTALEZA,6,FALSE,meat
729,190,64989.70,49525.01,RECIFE,14,TRUE,unknown
730,268,56016.03,42956.10,RECIFE,12,FALSE,unknown
731,223,45121.08,32054.15,SAO LUIS,13,FALSE,meat
732,137,22834.16,18328.66,FORTALEZA,5,FALSE,unknown
733,244,36206.73,29643.27,RECIFE,12,FALSE,meat
734,208,38582.58,26268.49,NATAL,11,FALSE,meat
735,159,25835.85,21406.27,RECIFE,9,FALSE,meat
736,168,9014.37,6240.77,RECIFE,2,TRUE,unknown
737,133,12283.27,8792.48,FORTALEZA,4,FALSE,meat
738,171,32499.78,22158.48,NATAL,9,FALSE,meat
739,163,3619.70,3591.26,FORTALEZA,1,TRUE,meat
740,187,26027.69,19218.82,FORTALEZA,8,FALSE,meat
741,186,43521.05,31549.28,NATAL,9,TRUE,unknown
742,122,8955.76,7155.26,FORTALEZA,3,FALSE,meat
743,137,40309.15,30556.23,RECIFE,12,FALSE,meat
744,141,4287.43,3536.84,SAO LUIS,1,FALSE,meat
745,183,22001.51,18505.25,SAO LUIS,7,TRUE,meat
746,191,46429.40,32936.96,FORTALEZA,9,TRUE,unknown
747,200,14860.92,13994.94,RECIFE,9,FALSE,vegetable
748,222,46888.18,36003.32,RECIFE,14,FALSE,meat
749,182,28721.88,21594.36,RECIFE,6,TRUE,unknown
750,245,44747.97,33687.17,RECIFE,13,FALSE,meat
751,132,17366.93,14535.94,SAO LUIS,4,FALSE,unknown
752,193,38360.87,32699.54,SAO LUIS,13,FALSE,meat
753,145,17948.59,12717.05,SAO LUIS,5,FALSE,meat
754,186,28298.26,24280.27,RECIFE,10,FALSE,meat
755,169,11070.99,9245.30,SAO LUIS,3,TRUE,unknown
756,194,28335.90,20627.88,NATAL,14,FALSE,vegetable
757,181,35500.93,30712.52,SAO LUIS,12,TRUE,meat
758,187,24830.19,19036.44,RECIFE,13,TRUE,vegetable
759,178,14815.28,10380.06,RECIFE,7,TRUE,vegetable
760,237,46007.84,31069.25,SAO LUIS,9,FALSE,unknown
761,158,36739.37,36128.05,NATAL,10,FALSE,unknown
762,159,45836.50,38956.64,RECIFE,11,FALSE,unknown
763,181,23550.62,16038.38,SAO LUIS,11,FALSE,vegetable
764,294,47448.08,37916.42,SAO LUIS,11,FALSE,unknown
765,211,39989.32,33552.12,SAO LUIS,10,FALSE,unknown
766,135,17388.30,13629.39,FORTALEZA,5,FALSE,meat
767,126,17695.87,13756.51,RECIFE,9,FALSE,vegetable
768,175,11138.37,10730.29,FORTALEZA,4,FALSE,meat
769,162,25937.29,21086.13,RECIFE,6,FALSE,unknown
770,173,49153.05,43575.12,RECIFE,12,FALSE,unknown
771,190,56375.24,41502.59,FORTALEZA,12,FALSE,unknown
772,141,12972.41,11505.31,NATAL,5,FALSE,meat
773,185,41789.17,32303.04,SAO LUIS,13,TRUE,meat
774,129,8202.70,5501.65,RECIFE,2,FALSE,meat
775,117,6670.85,4577.43,SAO LUIS,2,FALSE,meat
776,166,6989.14,5817.49,FORTALEZA,2,TRUE,meat
777,192,42666.40,34801.16,SAO LUIS,14,TRUE,meat
778,255,41785.26,33019.68,FORTALEZA,9,FALSE,unknown
779,161,42083.68,36122.57,RECIFE,10,FALSE,unknown
780,177,30583.09,22790.84,SAO LUIS,9,FALSE,meat
781,227,11544.41,8886.91,RECIFE,4,FALSE,meat
782,157,16901.06,14111.87,SAO LUIS,9,FALSE,vegetable
783,406,36838.55,25227.97,FORTALEZA,10,FALSE,meat
784,105,6836.92,5820.43,FORTALEZA,2,FALSE,meat
785,193,28156.98,26050.73,SAO LUIS,10,FALSE,meat
786,179,34088.57,26430.19,SAO LUIS,8,TRUE,unknown
787,198,28207.52,25784.55,SAO LUIS,7,FALSE,unknown
788,227,45854.56,37864.32,NATAL,11,FALSE,unknown
789,156,16296.75,11956.40,FORTALEZA,5,FALSE,meat
790,178,8868.58,8018.34,SAO LUIS,3,FALSE,meat
791,181,15764.29,13336.77,NATAL,5,TRUE,meat
792,263,55858.32,49542.75,SAO LUIS,14,FALSE,unknown
793,215,42399.80,31199.12,RECIFE,9,FALSE,unknown
794,175,9914.14,8754.56,RECIFE,3,TRUE,unknown
795,117,6835.43,6429.56,SAO LUIS,2,FALSE,unknown
796,205,34859.11,26821.15,NATAL,11,FALSE,meat
797,185,19696.81,13472.81,SAO LUIS,4,FALSE,unknown
798,197,43013.08,35226.64,FORTALEZA,14,FALSE,meat
799,190,22118.75,17401.67,RECIFE,5,FALSE,unknown
800,113,5580.74,4387.43,FORTALEZA,2,FALSE,meat
801,203,19070.17,16239.40,NATAL,5,FALSE,unknown
802,238,32754.84,28702.80,RECIFE,11,FALSE,meat
803,195,63569.32,50082.71,FORTALEZA,14,TRUE,unknown
804,350,73778.75,49571.61,SAO LUIS,14,FALSE,unknown
805,181,32312.50,22388.84,RECIFE,15,TRUE,vegetable
806,176,13760.38,9467.51,RECIFE,4,FALSE,meat
807,243,57086.48,46240.52,SAO LUIS,13,FALSE,unknown
808,136,16943.21,12075.90,RECIFE,5,FALSE,meat
809,178,14464.59,13004.29,RECIFE,9,TRUE,vegetable
810,130,6541.15,6202.94,SAO LUIS,4,FALSE,vegetable
811,142,6535.30,5167.52,SAO LUIS,1,FALSE,unknown
812,180,14140.16,13015.51,RECIFE,9,TRUE,vegetable
813,164,5024.36,3990.39,SAO LUIS,3,TRUE,vegetable
814,200,48007.35,39985.34,FORTALEZA,11,FALSE,unknown
815,102,6949.35,6110.47,NATAL,4,FALSE,vegetable
816,116,19715.60,15738.34,RECIFE,4,FALSE,unknown
817,160,6305.31,6267.57,RECIFE,3,FALSE,meat
818,226,29197.35,22468.75,RECIFE,6,FALSE,unknown
819,194,44572.57,35646.88,RECIFE,10,FALSE,unknown
820,176,13446.12,10772.00,RECIFE,4,TRUE,meat
821,193,39239.27,34895.62,FORTALEZA,10,FALSE,unknown
822,166,19786.72,14472.52,RECIFE,6,FALSE,meat
823,221,26397.21,17718.10,NATAL,7,FALSE,meat
824,100,4651.89,4371.06,RECIFE,3,FALSE,vegetable
825,135,15685.01,14027.90,FORTALEZA,6,FALSE,meat
826,168,16103.49,14953.78,NATAL,10,TRUE,vegetable
827,518,72239.25,48493.80,SAO LUIS,14,FALSE,unknown
828,111,10966.21,9076.06,NATAL,4,FALSE,meat
829,246,72038.10,50258.91,NATAL,14,FALSE,unknown
830,184,38979.78,27706.51,SAO LUIS,11,FALSE,meat
831,182,15858.49,13162.31,SAO LUIS,4,TRUE,unknown
832,190,63515.44,46235.71,FORTALEZA,13,TRUE,unknown
833,185,46143.32,38612.46,SAO LUIS,11,FALSE,unknown
834,197,28553.33,20947.96,RECIFE,8,FALSE,meat
835,183,22794.45,22245.64,FORTALEZA,9,TRUE,meat
836,187,40004.88,31742.56,FORTALEZA,9,FALSE,unknown
837,147,7825.20,7676.48,NATAL,2,FALSE,unknown
838,173,11428.57,9911.61,SAO LUIS,7,TRUE,vegetable
839,145,15726.76,11274.10,NATAL,5,FALSE,meat
840,93,10745.38,8557.07,SAO LUIS,2,FALSE,unknown
841,229,31087.41,25302.26,FORTALEZA,7,FALSE,unknown
842,141,14038.28,12664.61,NATAL,4,FALSE,unknown
843,186,16223.33,13616.75,FORTALEZA,5,FALSE,meat
844,168,13620.46,10067.43,NATAL,7,TRUE,vegetable
845,90,5794.72,5605.99,RECIFE,2,FALSE,meat
846,189,58008.36,47353.80,RECIFE,14,TRUE,unknown
847,181,38580.94,34488.75,RECIFE,14,TRUE,meat
848,173,22974.73,19248.14,RECIFE,13,TRUE,vegetable
849,195,16207.09,15208.42,FORTALEZA,6,FALSE,meat
850,179,33053.83,29558.69,SAO LUIS,8,FALSE,unknown
851,117,4723.39,3332.17,RECIFE,2,FALSE,vegetable
852,129,24358.99,18269.72,RECIFE,7,FALSE,meat
853,178,31546.03,23088.71,SAO LUIS,7,FALSE,unknown
854,126,8868.38,8407.00,NATAL,3,FALSE,meat
855,190,29395.19,20433.16,NATAL,6,FALSE,unknown
856,123,25575.90,20105.70,SAO LUIS,7,FALSE,unknown
857,150,9850.57,6716.53,SAO LUIS,2,FALSE,unknown
858,176,22399.33,18836.20,RECIFE,8,TRUE,meat
859,106,3880.40,2990.06,FORTALEZA,2,FALSE,vegetable
860,191,33956.63,29073.06,RECIFE,8,FALSE,unknown
861,165,33303.97,24045.59,FORTALEZA,10,FALSE,meat
862,264,40450.87,28544.14,RECIFE,11,FALSE,meat
863,178,22846.50,22446.33,NATAL,9,FALSE,meat
864,300,69935.33,47669.70,RECIFE,14,FALSE,unknown
865,165,8339.68,6044.79,RECIFE,2,TRUE,meat
866,281,35890.36,28386.73,SAO LUIS,8,FALSE,unknown
867,150,11360.68,8867.53,RECIFE,6,FALSE,vegetable
868,229,27886.05,20105.70,RECIFE,5,FALSE,unknown
869,180,39639.40,38992.48,RECIFE,11,TRUE,unknown
870,199,20318.56,18399.56,NATAL,7,FALSE,meat
871,146,9519.07,9329.79,RECIFE,4,FALSE,meat
872,183,44371.89,43695.87,SAO LUIS,12,TRUE,unknown
873,191,34308.36,25320.41,RECIFE,10,FALSE,meat
874,180,30564.46,21718.28,FORTALEZA,9,TRUE,meat
875,183,11492.01,11106.74,RECIFE,3,FALSE,unknown
876,244,39232.22,36336.75,RECIFE,15,FALSE,meat
877,155,36794.56,34870.94,SAO LUIS,14,FALSE,meat
878,203,11170.39,10823.59,FORTALEZA,7,FALSE,vegetable
879,175,27786.50,22845.51,RECIFE,7,FALSE,unknown
880,189,33131.19,27919.13,FORTALEZA,8,FALSE,unknown
881,171,36131.27,29070.16,RECIFE,12,FALSE,meat
882,176,31356.89,27903.78,RECIFE,11,FALSE,meat
883,143,8808.87,7000.43,RECIFE,3,FALSE,meat
884,125,7451.03,5626.81,RECIFE,2,FALSE,meat
885,119,2146.99,2011.18,SAO LUIS,1,FALSE,vegetable
886,127,7259.12,6603.28,NATAL,3,FALSE,meat
887,182,11640.11,8770.35,NATAL,4,TRUE,meat
888,152,17570.59,15491.70,NATAL,6,FALSE,meat
889,116,11050.28,8144.19,RECIFE,3,FALSE,meat
890,162,17751.36,12790.69,RECIFE,5,FALSE,meat
891,259,38027.98,37758.10,SAO LUIS,11,FALSE,unknown
892,143,13163.23,8900.51,FORTALEZA,3,FALSE,unknown
893,164,25265.92,20304.55,RECIFE,14,FALSE,vegetable
894,186,50402.89,40817.24,RECIFE,12,TRUE,unknown
895,185,46611.10,35667.29,RECIFE,10,FALSE,unknown
896,271,38492.32,29588.48,FORTALEZA,12,FALSE,meat
897,237,36274.25,31010.29,NATAL,12,FALSE,meat
898,166,15216.36,13718.91,SAO LUIS,5,FALSE,meat
899,249,47506.41,32178.01,FORTALEZA,13,FALSE,meat
900,185,43289.15,31415.50,RECIFE,13,TRUE,meat
901,188,43352.17,35119.29,SAO LUIS,14,FALSE,meat
902,165,11247.65,8783.07,SAO LUIS,6,TRUE,vegetable
903,181,27852.15,20516.91,RECIFE,6,TRUE,unknown
904,299,32801.05,22761.22,SAO LUIS,9,FALSE,meat
905,127,6421.11,5155.94,SAO LUIS,2,FALSE,meat
906,165,26693.80,25803.45,SAO LUIS,7,FALSE,unknown
907,191,51684.59,45987.16,FORTALEZA,13,TRUE,unknown
908,193,53697.24,49849.17,RECIFE,14,TRUE,unknown
909,290,69685.66,48303.53,RECIFE,14,FALSE,unknown
910,158,13663.83,9718.02,NATAL,4,FALSE,meat
911,180,9430.03,8302.38,FORTALEZA,3,TRUE,meat
912,204,22900.68,16741.49,SAO LUIS,7,FALSE,meat
913,143,26197.74,22015.76,RECIFE,6,FALSE,unknown
914,234,38909.51,27838.82,RECIFE,11,FALSE,meat
915,228,52043.99,36785.34,SAO LUIS,11,FALSE,unknown
916,185,35251.83,25243.89,RECIFE,10,TRUE,meat
917,306,41496.46,37342.29,RECIFE,15,FALSE,meat
918,268,50563.22,36577.30,RECIFE,10,FALSE,unknown
919,250,44512.20,30966.88,RECIFE,12,FALSE,meat
920,176,10211.68,9210.47,SAO LUIS,4,FALSE,meat
921,318,53742.41,49632.63,RECIFE,14,FALSE,unknown
922,225,29691.11,19923.89,SAO LUIS,6,FALSE,unknown
923,167,28690.90,20157.52,FORTALEZA,13,FALSE,vegetable
924,154,8192.59,7880.92,RECIFE,2,FALSE,unknown
925,182,23024.79,17645.64,NATAL,12,TRUE,vegetable
926,246,36017.46,30711.44,NATAL,9,FALSE,unknown
927,232,24943.51,24007.42,NATAL,10,FALSE,meat
928,142,14089.05,9649.21,RECIFE,4,FALSE,meat
929,227,18463.02,15507.55,RECIFE,4,FALSE,unknown
930,187,16029.96,13077.24,RECIFE,5,FALSE,meat
931,177,24906.03,18876.23,RECIFE,5,FALSE,unknown
932,210,38898.08,36013.69,RECIFE,14,FALSE,meat
933,170,7541.74,5950.34,SAO LUIS,2,TRUE,meat
934,164,8873.45,8357.04,RECIFE,6,TRUE,vegetable
935,170,21587.37,14620.69,RECIFE,10,TRUE,vegetable
936,113,22819.99,18169.29,RECIFE,7,FALSE,meat
937,151,7682.69,6392.09,RECIFE,3,FALSE,meat
938,225,36097.08,29091.71,NATAL,12,FALSE,meat
939,174,22305.34,19211.57,RECIFE,8,TRUE,meat
940,199,55716.24,43493.34,RECIFE,12,TRUE,unknown
941,148,11663.24,7860.24,RECIFE,5,FALSE,vegetable
942,263,33243.22,23248.30,NATAL,7,FALSE,unknown
943,169,6848.97,6761.60,NATAL,5,TRUE,vegetable
944,152,27657.76,18783.66,FORTALEZA,8,FALSE,meat
945,122,28698.29,22929.34,RECIFE,7,FALSE,unknown
946,156,10175.96,8649.46,FORTALEZA,3,FALSE,meat
947,173,16594.66,11066.05,RECIFE,4,TRUE,meat
948,96,10832.29,7692.22,NATAL,3,FALSE,meat
949,241,42366.85,37092.25,RECIFE,15,FALSE,meat
950,176,11644.50,11106.39,NATAL,4,TRUE,meat
951,173,42938.41,31426.64,NATAL,13,FALSE,meat
952,206,14527.29,12641.96,RECIFE,4,FALSE,unknown
953,113,8284.82,7211.70,SAO LUIS,3,FALSE,meat
954,163,5560.90,4547.72,RECIFE,3,TRUE,vegetable
955,222,36059.36,29208.22,FORTALEZA,8,FALSE,unknown
956,172,12355.87,8678.11,FORTALEZA,2,TRUE,unknown
957,134,13857.57,20105.70,SAO LUIS,6,FALSE,vegetable
958,242,48128.99,38909.73,SAO LUIS,11,FALSE,unknown
959,164,31048.44,28807.85,RECIFE,12,FALSE,meat
960,172,21881.20,18986.24,RECIFE,8,FALSE,meat
961,196,70438.32,47109.41,RECIFE,13,TRUE,unknown
962,97,7483.99,5588.77,RECIFE,2,FALSE,meat
963,146,13508.30,9422.31,FORTALEZA,3,FALSE,unknown
964,187,28628.04,20069.69,RECIFE,8,FALSE,meat
965,165,28177.06,20042.43,NATAL,6,FALSE,unknown
966,233,52704.75,51933.38,FORTALEZA,15,FALSE,unknown
967,141,5518.63,5146.62,RECIFE,3,FALSE,vegetable
968,200,51635.22,37252.47,FORTALEZA,15,TRUE,meat
969,195,51743.13,34989.35,RECIFE,14,TRUE,meat
970,170,8920.66,7068.73,RECIFE,2,TRUE,unknown
971,172,11195.53,7822.06,RECIFE,5,TRUE,vegetable
972,184,25382.20,18493.37,RECIFE,7,FALSE, Meat
973,136,14672.76,10163.47,FORTALEZA,7,FALSE,vegetable
974,191,55944.51,40407.71,FORTALEZA,12,TRUE,unknown
975,132,8730.48,7105.79,RECIFE,3,FALSE,meat
976,139,11525.11,8604.61,RECIFE,2,FALSE,unknown
977,167,18574.05,15710.52,SAO LUIS,6,TRUE,meat
978,133,29440.76,21057.86,RECIFE,8,FALSE,meat
979,150,22091.38,15924.48,RECIFE,6,FALSE,meat
980,118,7927.65,7313.41,RECIFE,3,FALSE,meat
981,191,37006.23,26141.37,SAO LUIS,7,FALSE,unknown
982,242,21493.62,17806.57,SAO LUIS,12,FALSE,vegetable
983,171,18148.28,16331.83,RECIFE,5,TRUE,unknown
984,180,33687.12,24067.12,FORTALEZA,7,TRUE,unknown
985,230,27686.54,26079.19,RECIFE,7,FALSE,unknown
986,216,38500.49,36722.69,NATAL,15,FALSE,meat
987,184,16101.96,15408.98,RECIFE,10,TRUE,vegetable
988,205,30607.04,29518.84,RECIFE,12,FALSE,meat
989,168,12920.51,9787.30,SAO LUIS,4,FALSE,meat
990,166,14565.97,20105.70,RECIFE,8,FALSE,vegetable
991,174,11858.28,8351.82,RECIFE,6,TRUE,vegetable
992,179,9921.05,8627.94,SAO LUIS,3,FALSE,meat
993,180,37538.83,28798.11,SAO LUIS,12,TRUE,meat
994,237,23482.23,17714.19,RECIFE,7,FALSE,meat
995,181,8743.19,5909.69,RECIFE,2,TRUE,unknown
996,186,42183.87,28235.08,FORTALEZA,8,FALSE,unknown
997,176,24800.01,18738.37,NATAL,7,FALSE,meat
998,326,28746.13,20384.13,SAO LUIS,6,FALSE,unknown
999,123,5250.73,4471.68,RECIFE,2,FALSE, Meat
1000,180,35948.50,30014.70,RECIFE,9,TRUE,unknown
1001,144,10921.58,8558.17,RECIFE,6,FALSE,vegetable
1002,178,24618.77,18540.18,RECIFE,7,TRUE,meat
1003,174,15844.66,13346.16,NATAL,9,TRUE,vegetable
1004,139,13182.47,11451.60,RECIFE,5,FALSE,meat
1005,173,18403.00,12329.38,NATAL,5,FALSE,meat
1006,175,17692.13,15079.15,RECIFE,10,TRUE,vegetable
1007,224,46554.30,43972.62,NATAL,13,FALSE,unknown
1008,183,17146.92,12083.35,FORTALEZA,8,TRUE,vegetable
1009,238,47155.40,47066.88,FORTALEZA,13,FALSE,unknown
1010,191,29906.79,25093.39,FORTALEZA,7,FALSE,unknown
1011,280,52310.62,36322.48,NATAL,15,FALSE,meat
1012,164,14566.20,13083.44,FORTALEZA,9,TRUE,vegetable
1013,159,23477.16,16224.36,SAO LUIS,5,FALSE,unknown
1014,253,36410.19,20105.70,RECIFE,7,FALSE,unknown
1015,156,7301.46,20105.70,FORTALEZA,2,FALSE,unknown
1016,264,38747.17,29679.14,RECIFE,8,FALSE,unknown
1017,167,3753.83,3072.31,SAO LUIS,1,TRUE,meat
1018,207,47454.05,34747.55,RECIFE,14,FALSE,meat
1019,137,12528.52,11537.62,SAO LUIS,3,FALSE,unknown
1020,235,33793.33,25700.76,FORTALEZA,10,FALSE,meat
1021,113,6987.72,4985.12,SAO LUIS,1,FALSE,unknown
1022,92,6438.94,5953.89,RECIFE,4,FALSE,vegetable
1023,128,15094.31,14799.96,RECIFE,6,FALSE,meat
1024,182,14459.27,13121.45,RECIFE,5,FALSE,meat
1025,187,30080.41,27999.28,RECIFE,8,TRUE,unknown
1026,149,22489.13,15076.35,RECIFE,4,FALSE,unknown
1027,182,34685.50,31422.90,SAO LUIS,13,FALSE,meat
1028,119,6120.27,4491.66,SAO LUIS,2,FALSE,meat
1029,201,19533.74,18277.57,NATAL,7,FALSE,meat
1030,203,41111.36,36265.48,RECIFE,10,FALSE,unknown
1031,264,30083.93,27816.79,RECIFE,11,FALSE,meat
1032,135,17007.91,20105.70,RECIFE,3,FALSE,unknown
1033,245,42172.68,35679.72,FORTALEZA,14,FALSE,meat
1034,260,71895.55,52326.24,NATAL,15,FALSE,unknown
1035,180,34666.53,27523.50,RECIFE,11,TRUE,meat
1036,183,46793.24,39856.36,RECIFE,11,TRUE,unknown
1037,282,33952.25,27133.55,SAO LUIS,8,FALSE,unknown
1038,153,23467.54,21301.33,RECIFE,9,FALSE,meat
1039,304,50065.70,43394.59,SAO LUIS,12,FALSE,unknown
1040,246,30723.21,27886.09,NATAL,8,FALSE,unknown
1041,212,64571.67,45558.79,RECIFE,13,FALSE,unknown
1042,132,9118.80,9017.29,RECIFE,3,FALSE,unknown
1043,197,17221.22,12533.44,RECIFE,4,FALSE,unknown
1044,206,37987.70,30241.74,FORTALEZA,12,FALSE,meat
1045,195,22393.68,19192.15,RECIFE,8,FALSE,meat
1046,157,34166.09,25028.26,FORTALEZA,10,FALSE,meat
1047,249,46246.44,41302.44,RECIFE,12,FALSE,unknown
1048,91,4728.06,4722.76,RECIFE,1,FALSE,unknown
1049,238,52627.66,35286.96,RECIFE,14,FALSE,meat
1050,206,24397.37,19406.47,RECIFE,13,FALSE,vegetable
1051,172,32822.45,22763.02,RECIFE,9,FALSE,meat
1052,157,4437.69,3069.13,NATAL,2,TRUE,vegetable
1053,174,27342.05,21210.54,SAO LUIS,6,FALSE,unknown
1054,133,12563.20,9075.27,NATAL,4,FALSE,meat
1055,254,34380.36,33594.87,SAO LUIS,13,FALSE,meat
1056,180,49141.80,33432.91,NATAL,13,FALSE,meat
1057,188,30435.12,29224.98,RECIFE,8,TRUE,unknown
1058,175,13458.51,9029.41,RECIFE,6,TRUE,vegetable
1059,98,4304.84,3193.12,SAO LUIS,1,FALSE,meat
1060,131,14452.87,11612.33,SAO LUIS,8,FALSE,vegetable
1061,114,7831.45,7638.58,FORTALEZA,3,FALSE,meat
1062,171,19038.31,15278.02,RECIFE,4,FALSE,unknown
1063,193,23918.38,20831.01,RECIFE,8,FALSE,meat
1064,219,47747.05,34024.52,RECIFE,14,FALSE,meat
1065,112,5673.35,5552.97,RECIFE,4,FALSE,vegetable
1066,223,54963.21,48756.73,RECIFE,14,FALSE,unknown
1067,176,30271.19,29056.16,RECIFE,12,FALSE,meat
1068,163,16832.98,12190.09,RECIFE,5,FALSE,meat
1069,180,35706.30,27337.42,FORTALEZA,8,TRUE,unknown
1070,161,7219.50,5087.76,SAO LUIS,3,FALSE,vegetable
1071,174,12137.71,11745.41,RECIFE,3,TRUE,unknown
1072,165,35298.45,35116.15,RECIFE,10,FALSE,unknown
1073,163,26290.75,22436.19,RECIFE,9,FALSE,meat
1074,238,40152.56,39288.94,FORTALEZA,11,FALSE,unknown
1075,209,47963.68,36389.39,SAO LUIS,15,FALSE,meat
1076,191,41410.37,34870.94,FORTALEZA,14,FALSE,meat
1077,172,9700.38,8158.13,FORTALEZA,2,TRUE,unknown
1078,125,3527.07,2558.40,SAO LUIS,1,FALSE,meat
1079,170,15819.58,11209.73,NATAL,7,TRUE,vegetable
1080,187,16231.10,14584.98,SAO LUIS,10,FALSE,vegetable
1081,244,52951.59,43400.74,NATAL,12,FALSE,unknown
1082,275,47038.27,32544.97,SAO LUIS,9,FALSE,unknown
1083,186,41250.26,36270.43,FORTALEZA,10,TRUE,unknown
1084,175,15668.81,13202.01,NATAL,5,FALSE,meat
1085,284,48611.53,36275.37,RECIFE,10,FALSE,unknown
1086,260,44241.08,31994.82,NATAL,13,FALSE,meat
1087,135,8504.75,7522.67,RECIFE,2,FALSE,unknown
1088,173,14687.08,9886.15,FORTALEZA,7,TRUE,vegetable
1089,178,27287.13,21656.60,RECIFE,6,TRUE,unknown
1090,300,29313.81,25810.93,RECIFE,10,FALSE,meat
1091,176,31172.08,20962.81,RECIFE,14,TRUE,vegetable
1092,102,4138.69,2939.67,SAO LUIS,1,FALSE,meat
1093,191,31479.32,23578.76,SAO LUIS,9,FALSE,meat
1094,182,21768.31,21712.13,SAO LUIS,9,TRUE,meat
1095,216,48358.34,33433.88,FORTALEZA,13,FALSE,meat
1096,181,14669.73,13279.38,SAO LUIS,9,TRUE,vegetable
1097,244,17649.27,15644.86,SAO LUIS,4,FALSE,unknown
1098,210,23566.65,17207.91,SAO LUIS,7,FALSE,meat
1099,168,15356.37,14562.00,SAO LUIS,6,FALSE,meat
1100,129,18254.03,16686.18,RECIFE,7,FALSE,meat
1101,159,33614.17,25447.21,SAO LUIS,10,FALSE,meat
1102,186,55038.62,51941.99,RECIFE,15,TRUE,unknown
1103,204,52367.11,34980.53,RECIFE,14,FALSE,meat
1104,338,56989.26,20105.70,RECIFE,11,FALSE,unknown
1105,212,39374.89,31048.52,FORTALEZA,12,FALSE, Meat
1106,132,7587.70,5735.78,RECIFE,2,FALSE,meat
1107,178,11412.55,11286.20,SAO LUIS,3,FALSE,unknown
1108,158,7177.31,6238.71,RECIFE,2,FALSE,meat
1109,215,35305.81,31237.43,RECIFE,12,FALSE,meat
1110,183,45827.00,33570.69,SAO LUIS,13,TRUE, Meat
1111,172,17168.65,16522.85,RECIFE,7,TRUE,meat
1112,180,36627.72,32264.10,SAO LUIS,9,TRUE,unknown
1113,219,38134.97,29028.23,FORTALEZA,12,FALSE,meat
1114,154,10929.50,10153.68,RECIFE,4,FALSE,meat
1115,131,10446.48,9988.32,NATAL,4,FALSE,meat
1116,130,17077.20,16508.39,RECIFE,5,FALSE,unknown
1117,169,32484.27,24081.97,SAO LUIS,7,FALSE,unknown
1118,322,49559.71,33689.57,NATAL,13,FALSE,meat
1119,147,29733.89,20694.71,SAO LUIS,6,FALSE,unknown
1120,201,41361.04,32773.49,RECIFE,13,FALSE,meat
1121,210,41297.82,38269.26,RECIFE,11,FALSE,unknown
1122,178,25418.54,23964.93,RECIFE,10,FALSE,meat
1123,195,56323.60,44408.64,SAO LUIS,13,FALSE,unknown
1124,190,25387.40,17218.52,NATAL,7,FALSE,meat
1125,300,34295.95,30466.54,SAO LUIS,12,FALSE,meat
1126,168,11214.95,8372.22,SAO LUIS,3,FALSE,meat
1127,115,4645.86,3919.68,SAO LUIS,3,FALSE,vegetable
1128,175,16531.93,15184.40,SAO LUIS,6,FALSE,meat
1129,179,25768.47,24668.29,NATAL,7,FALSE,unknown
1130,253,28522.04,21232.92,RECIFE,8,FALSE,meat
1131,155,9539.65,7366.70,FORTALEZA,2,FALSE,unknown
1132,190,8776.35,6797.90,RECIFE,3,FALSE,meat
1133,132,11476.00,11037.66,NATAL,4,FALSE,meat
1134,203,36415.18,26003.01,SAO LUIS,10,FALSE,meat
1135,240,21991.06,21451.61,RECIFE,9,FALSE,meat
1136,224,38737.14,33215.00,SAO LUIS,13,FALSE,meat
1137,173,14219.62,13543.65,SAO LUIS,4,TRUE,unknown
1138,111,4689.48,3742.25,RECIFE,1,FALSE,meat
1139,161,14366.06,11443.69,SAO LUIS,5,FALSE,meat
1140,176,20978.59,14213.30,RECIFE,9,TRUE,vegetable
1141,203,33716.45,23122.22,NATAL,9,FALSE,meat
1142,177,32590.66,22173.05,SAO LUIS,6,TRUE,unknown
1143,253,48687.18,34821.03,FORTALEZA,14,FALSE,meat
1144,300,69385.68,51119.58,SAO LUIS,15,FALSE,unknown
1145,188,17213.74,15542.86,RECIFE,4,FALSE,unknown
1146,173,8338.35,7766.75,SAO LUIS,5,TRUE,vegetable
1147,131,9161.32,8899.90,RECIFE,4,FALSE, Meat
1148,243,41475.26,30942.35,RECIFE,12,FALSE,meat
1149,181,19634.11,17504.11,RECIFE,7,TRUE,meat
1150,170,34865.11,31099.75,SAO LUIS,12,FALSE,meat
1151,153,28211.95,24154.78,RECIFE,10,FALSE,meat
1152,150,14899.04,11654.65,NATAL,3,FALSE,unknown
1153,135,12365.97,10154.92,RECIFE,7,FALSE,vegetable
1154,230,70195.14,50897.70,RECIFE,15,FALSE,unknown
1155,166,42298.94,34085.96,RECIFE,14,FALSE,meat
1156,192,31196.72,22654.49,SAO LUIS,9,FALSE,meat
1157,177,29464.58,20809.89,RECIFE,8,TRUE,meat
1158,283,45882.36,32596.85,NATAL,13,FALSE,meat
1159,135,20419.60,14696.23,FORTALEZA,4,FALSE,unknown
1160,198,28809.05,19529.09,SAO LUIS,8,FALSE,meat
1161,203,41335.28,32704.84,SAO LUIS,9,FALSE,unknown
1162,220,64124.27,42925.83,NATAL,12,FALSE,unknown
1163,225,42314.31,30519.16,RECIFE,12,FALSE,meat
1164,183,27386.47,25658.11,RECIFE,10,FALSE,meat
1165,227,24759.55,20386.18,RECIFE,6,FALSE,unknown
1166,261,49946.05,36415.30,RECIFE,15,FALSE,meat
1167,253,43032.17,20105.70,FORTALEZA,12,FALSE,meat
1168,157,21093.43,18874.11,RECIFE,8,FALSE,meat
1169,144,7795.38,5245.00,FORTALEZA,2,FALSE,meat
1170,174,17774.32,15929.44,FORTALEZA,11,TRUE,vegetable
1171,192,24711.32,21712.85,SAO LUIS,6,FALSE,unknown
1172,180,20247.39,15587.30,SAO LUIS,10,TRUE,vegetable
1173,172,10433.46,9971.96,RECIFE,3,TRUE,unknown
1174,140,3512.79,3310.92,RECIFE,1,FALSE,meat
1175,176,18164.95,14257.47,RECIFE,10,TRUE,vegetable
1176,283,56463.41,46033.34,FORTALEZA,13,FALSE,unknown
1177,268,45194.49,36231.05,RECIFE,10,FALSE,unknown
1178,212,34525.11,32720.36,FORTALEZA,13,FALSE,meat
1179,144,20547.66,15880.85,RECIFE,5,FALSE,unknown
1180,193,21277.65,16826.37,FORTALEZA,7,FALSE,meat
1181,221,28347.83,28144.02,SAO LUIS,11,FALSE,meat
1182,186,27284.23,25970.95,SAO LUIS,10,FALSE,meat
1183,196,34437.23,27121.40,SAO LUIS,11,FALSE,meat
1184,396,60441.69,46942.72,RECIFE,13,FALSE,unknown
1185,222,20078.08,14857.39,RECIFE,4,FALSE,unknown
1186,177,18962.44,18636.09,SAO LUIS,7,FALSE,meat
1187,209,23164.72,16116.96,RECIFE,6,FALSE,meat
1188,197,63105.10,46576.53,SAO LUIS,13,TRUE,unknown
1189,114,7826.83,7562.70,FORTALEZA,3,FALSE,meat
1190,196,33556.72,22846.44,RECIFE,9,FALSE,meat
1191,122,17005.07,14936.01,RECIFE,6,FALSE,meat
1192,243,40951.41,20105.70,RECIFE,11,FALSE,meat
1193,170,14858.06,12397.59,SAO LUIS,4,FALSE,unknown
1194,189,33323.96,24893.01,RECIFE,7,FALSE,unknown
1195,185,51873.71,37081.71,SAO LUIS,15,TRUE,meat
1196,177,22595.76,22110.47,NATAL,15,TRUE,vegetable
1197,100,4442.04,4374.39,SAO LUIS,1,FALSE,unknown
1198,185,27770.36,27369.70,RECIFE,8,TRUE,unknown
1199,111,16843.03,12455.18,SAO LUIS,4,FALSE,unknown
1200,174,23075.32,22966.55,RECIFE,7,FALSE,unknown
1201,174,40082.73,33327.15,RECIFE,10,FALSE,unknown
1202,240,39516.24,28561.96,SAO LUIS,11,FALSE,meat
1203,163,15045.34,20105.70,SAO LUIS,5,FALSE,meat
1204,168,8504.00,8035.24,SAO LUIS,5,TRUE,vegetable
1205,155,6729.67,4985.22,SAO LUIS,2,FALSE,meat
1206,207,40227.37,33005.57,FORTALEZA,13,FALSE,meat
1207,187,46249.66,30937.66,SAO LUIS,12,TRUE,meat
1208,212,69967.71,49518.26,RECIFE,14,FALSE,unknown
1209,204,49226.24,46805.21,RECIFE,13,FALSE,unknown
1210,193,28475.25,21514.03,SAO LUIS,14,FALSE,vegetable
1211,200,18288.65,12351.49,NATAL,4,FALSE,unknown
1212,152,6668.76,5069.04,RECIFE,3,FALSE,vegetable
1213,226,37562.76,26893.64,SAO LUIS,11,FALSE,meat
1214,151,36297.53,27925.16,SAO LUIS,11,FALSE,meat
1215,194,42109.07,35759.34,FORTALEZA,14,FALSE,meat
1216,187,25962.06,18592.51,RECIFE,7,FALSE,meat
1217,235,49108.10,39844.50,NATAL,11,FALSE,unknown
1218,178,41014.97,31168.50,RECIFE,9,FALSE,unknown
1219,238,24174.08,19729.90,FORTALEZA,6,FALSE,unknown
1220,202,45358.10,36223.34,RECIFE,10,FALSE,unknown
1221,174,9863.33,8870.58,RECIFE,6,TRUE,vegetable
1222,189,13634.19,9412.71,RECIFE,6,FALSE,vegetable
1223,188,25372.47,22241.98,FORTALEZA,9,FALSE,meat
1224,236,51578.60,40562.07,SAO LUIS,12,FALSE,unknown
1225,174,24854.02,24406.15,RECIFE,10,TRUE,meat
1226,106,4439.16,4122.36,RECIFE,2,FALSE,meat
1227,229,41652.33,29784.65,RECIFE,12,FALSE,meat
1228,139,4264.87,2956.34,NATAL,2,FALSE,vegetable
1229,232,48431.25,34641.08,RECIFE,14,FALSE,meat
1230,168,26475.28,25607.85,NATAL,10,FALSE,meat
1231,253,42885.89,29137.51,SAO LUIS,12,FALSE,meat
1232,195,26096.41,20208.41,NATAL,13,FALSE,vegetable
1233,205,46885.93,33407.00,RECIFE,13,FALSE,meat
1234,164,4254.71,3019.49,FORTALEZA,2,TRUE,vegetable
1235,200,17857.76,12990.52,RECIFE,9,FALSE,vegetable
1236,133,11692.80,8991.20,RECIFE,3,FALSE,unknown
1237,194,27643.12,19710.29,FORTALEZA,13,FALSE,vegetable
1238,124,11481.01,9315.99,RECIFE,3,FALSE,unknown
1239,126,6225.48,4514.39,FORTALEZA,2,FALSE,meat
1240,184,31803.25,27331.65,FORTALEZA,11,TRUE,meat
1241,170,30193.32,24163.91,SAO LUIS,10,FALSE,meat
1242,225,15136.00,11704.33,FORTALEZA,8,FALSE,vegetable
1243,155,36520.84,28481.20,NATAL,11,FALSE,meat
1244,172,39898.37,29894.89,RECIFE,9,TRUE,unknown
1245,181,23411.68,22714.07,SAO LUIS,9,TRUE,meat
1246,141,7812.71,6424.39,RECIFE,3,FALSE,meat
1247,208,34745.31,24959.01,NATAL,10,FALSE,meat
1248,203,34493.60,23682.78,SAO LUIS,7,FALSE,unknown
1249,161,28482.76,25722.65,SAO LUIS,7,FALSE,unknown
1250,178,8959.44,8599.60,RECIFE,2,TRUE,unknown
1251,164,2935.70,2422.52,RECIFE,2,TRUE,vegetable
1252,209,45827.27,35246.05,RECIFE,14,FALSE,meat
1253,166,5847.68,5250.15,SAO LUIS,3,TRUE,vegetable
1254,169,28768.26,26157.10,RECIFE,7,FALSE,unknown
1255,162,19298.13,14403.37,RECIFE,6,FALSE,meat
1256,166,11201.45,9401.32,NATAL,3,TRUE,unknown
1257,250,64412.42,49869.36,RECIFE,14,FALSE,unknown
1258,150,13181.90,10240.86,RECIFE,4,FALSE,meat
1259,278,39761.91,32727.28,SAO LUIS,13,FALSE,meat
1260,214,46468.47,35030.99,RECIFE,14,FALSE,meat
1261,176,38185.94,28749.91,RECIFE,8,TRUE,unknown
1262,172,37604.33,27054.29,NATAL,11,FALSE,meat
1263,246,37522.58,32829.27,FORTALEZA,9,FALSE,unknown
1264,166,16884.46,11801.89,NATAL,5,FALSE,meat
1265,173,28603.31,19864.60,RECIFE,8,FALSE,meat
1266,107,3427.33,2563.81,SAO LUIS,1,FALSE,meat
1267,176,26366.65,21800.96,RECIFE,9,FALSE,meat
1268,188,36397.52,33477.27,FORTALEZA,10,FALSE,unknown
1269,179,35549.11,25013.90,FORTALEZA,10,TRUE,meat
1270,153,7101.10,5668.75,RECIFE,2,FALSE,unknown
1271,111,4554.35,4216.74,SAO LUIS,3,FALSE,vegetable
1272,171,13909.32,10875.18,NATAL,3,TRUE,unknown
1273,179,17477.56,11857.00,SAO LUIS,8,TRUE,vegetable
1274,141,18364.25,16058.40,RECIFE,6,FALSE,meat
1275,173,25714.34,18824.02,RECIFE,8,FALSE,meat
1276,111,5594.72,4588.11,RECIFE,2,FALSE,meat
1277,136,12799.58,9443.17,SAO LUIS,4,FALSE,meat
1278,176,20501.71,14977.81,RECIFE,10,TRUE,vegetable
1279,140,12602.06,10470.58,RECIFE,4,FALSE,meat
1280,255,40594.63,36498.23,SAO LUIS,15,FALSE,meat
1281,204,27224.91,19625.02,RECIFE,6,FALSE,unknown
1282,175,14152.76,10408.63,RECIFE,3,TRUE,unknown
1283,239,41690.21,30298.66,FORTALEZA,12,FALSE,meat
1284,185,46332.61,31050.26,SAO LUIS,9,TRUE,unknown
1285,232,54916.54,37512.31,SAO LUIS,11,FALSE,unknown
1286,166,8627.87,7915.22,SAO LUIS,2,TRUE,unknown
1287,123,7025.11,6035.64,RECIFE,2,FALSE,meat
1288,139,6594.45,5020.21,NATAL,2,FALSE,meat
1289,148,6921.24,5193.94,NATAL,1,FALSE,unknown
1290,196,41745.11,40902.81,FORTALEZA,12,FALSE,unknown
1291,262,52142.34,36403.34,RECIFE,15,FALSE,meat
1292,180,25901.23,23191.04,RECIFE,7,TRUE,unknown
1293,180,29760.75,24014.81,RECIFE,10,TRUE, Meat
1294,141,17285.24,12863.58,SAO LUIS,9,FALSE,vegetable
1295,108,8627.89,7211.98,SAO LUIS,2,FALSE,unknown
1296,140,21291.13,20775.21,SAO LUIS,14,FALSE,vegetable
1297,105,12779.38,11055.38,RECIFE,4,FALSE,meat
1298,87,3166.94,2561.43,RECIFE,2,FALSE,vegetable
1299,178,19091.34,17612.62,SAO LUIS,12,TRUE,vegetable
1300,199,58387.10,44317.70,RECIFE,13,TRUE,unknown
1301,216,49563.10,49289.29,RECIFE,14,FALSE,unknown
1302,136,9524.08,7789.74,RECIFE,3,FALSE,meat
1303,235,40510.03,31136.50,NATAL,9,FALSE,unknown
1304,185,42227.28,35953.84,RECIFE,14,TRUE,meat
1305,197,41466.06,36934.46,RECIFE,15,FALSE,meat
1306,178,25493.45,20290.66,FORTALEZA,8,FALSE,meat
1307,175,14195.58,14010.75,SAO LUIS,6,TRUE,meat
1308,186,45595.90,44445.29,SAO LUIS,13,FALSE,unknown
1309,175,18321.93,15144.13,NATAL,6,FALSE,meat
1310,187,12129.83,10569.83,FORTALEZA,3,FALSE,unknown
1311,179,33913.69,31523.33,RECIFE,9,TRUE,unknown
1312,129,9623.65,8198.57,NATAL,3,FALSE,meat
1313,169,9076.03,6250.10,SAO LUIS,2,TRUE,unknown
1314,146,7331.75,5563.67,RECIFE,2,FALSE,unknown
1315,190,24565.26,16891.50,RECIFE,11,TRUE,vegetable
1316,182,44907.75,34954.56,FORTALEZA,10,TRUE,unknown
1317,224,39343.43,28498.23,SAO LUIS,11,FALSE,meat
1318,175,26674.76,18229.64,RECIFE,5,TRUE,unknown
1319,292,20323.04,17625.46,FORTALEZA,7,FALSE,meat
1320,223,42192.17,36123.28,FORTALEZA,14,FALSE,meat
1321,220,21832.39,18147.33,SAO LUIS,5,FALSE,unknown
1322,214,28936.81,20657.77,SAO LUIS,8,FALSE,meat
1323,184,23352.90,17500.73,FORTALEZA,5,TRUE,unknown
1324,214,31123.73,25888.38,RECIFE,7,FALSE,unknown
1325,193,33644.61,26028.15,RECIFE,7,FALSE,unknown
1326,298,65437.09,52296.37,RECIFE,15,FALSE,unknown
1327,252,44568.64,37353.34,FORTALEZA,15,FALSE,meat
1328,164,9890.84,8987.69,SAO LUIS,4,FALSE,meat
1329,215,15557.13,12097.74,RECIFE,5,FALSE,meat
1330,292,61888.78,44047.63,NATAL,13,FALSE,unknown
1331,188,57130.64,39721.92,FORTALEZA,11,TRUE,unknown
1332,186,40553.67,29240.37,SAO LUIS,12,TRUE,meat
1333,148,18110.43,15369.96,RECIFE,6,FALSE,meat
1334,195,46507.27,32130.89,FORTALEZA,13,FALSE,meat
1335,185,21633.71,20338.61,SAO LUIS,8,FALSE,meat
1336,176,18077.11,14267.28,RECIFE,10,TRUE,vegetable
1337,152,20515.23,19925.53,RECIFE,6,FALSE,unknown
1338,230,31961.32,27875.00,NATAL,11,FALSE,meat
1339,208,39657.36,27663.18,RECIFE,11,FALSE,meat
1340,122,34812.46,29097.65,SAO LUIS,8,FALSE,unknown
1341,157,31944.10,24227.50,SAO LUIS,10,FALSE,meat
1342,427,58013.28,39244.28,RECIFE,11,FALSE,unknown
1343,151,30788.31,20735.83,NATAL,6,FALSE,unknown
1344,117,8404.89,6376.85,FORTALEZA,3,FALSE,meat
1345,192,24246.09,19125.46,RECIFE,8,FALSE,meat
1346,178,8419.64,7970.65,FORTALEZA,3,TRUE,meat
1347,133,8237.09,6635.76,FORTALEZA,2,FALSE,unknown
1348,200,41984.60,30927.89,NATAL,12,FALSE,meat
1349,164,15685.46,13579.02,NATAL,5,FALSE,meat
1350,141,6234.80,4634.88,FORTALEZA,2,FALSE,meat
1351,139,12439.75,8846.79,NATAL,4,FALSE,meat
1352,124,11111.88,8055.53,RECIFE,5,FALSE,vegetable
1353,262,58309.36,41527.40,RECIFE,12,FALSE,unknown
1354,181,23963.17,18926.83,RECIFE,13,TRUE,vegetable
1355,237,29237.90,26794.03,RECIFE,11,FALSE,meat
1356,166,8652.16,5836.26,RECIFE,2,FALSE,meat
1357,248,51215.93,50261.36,RECIFE,14,FALSE,unknown
1358,203,29770.27,21646.49,NATAL,9,FALSE,meat
1359,129,7880.78,7803.96,SAO LUIS,3,FALSE,meat
1360,242,40979.31,35705.48,SAO LUIS,14,FALSE,meat
1361,248,47442.38,37839.33,NATAL,11,FALSE,unknown
1362,162,11813.04,9681.67,RECIFE,3,FALSE,unknown
1363,199,72032.18,51776.90,SAO LUIS,15,TRUE,unknown
1364,161,10152.76,8170.62,SAO LUIS,3,FALSE,meat
1365,176,18547.05,15214.04,NATAL,10,TRUE,vegetable
1366,145,21289.31,16013.30,SAO LUIS,11,FALSE,vegetable
1367,169,8307.07,5689.18,RECIFE,4,TRUE,vegetable
1368,184,31606.91,26332.44,RECIFE,8,TRUE,unknown
1369,280,44404.47,29729.02,FORTALEZA,12,FALSE,meat
1370,147,4452.29,3858.16,FORTALEZA,1,FALSE,unknown
1371,167,6758.43,5811.08,RECIFE,2,TRUE,unknown
1372,109,15793.09,10738.95,RECIFE,4,FALSE,meat
1373,216,20854.55,13903.15,SAO LUIS,6,FALSE,meat
1374,169,21241.34,14313.41,RECIFE,4,FALSE,unknown
1375,119,6588.03,4508.27,SAO LUIS,2,FALSE,meat
1376,172,26100.58,17840.50,RECIFE,12,FALSE,vegetable
1377,167,7547.89,5441.39,FORTALEZA,4,TRUE,vegetable
1378,173,15050.42,12314.13,RECIFE,5,TRUE,meat
1379,122,10989.15,9739.61,RECIFE,4,FALSE,meat
1380,188,46523.98,38279.82,RECIFE,11,TRUE,unknown
1381,196,15221.04,12180.34,SAO LUIS,5,FALSE,meat
1382,277,49782.99,37033.15,NATAL,15,FALSE,meat
1383,175,34537.28,31088.22,RECIFE,9,FALSE,unknown
1384,208,46425.67,32468.70,RECIFE,13,FALSE,meat
1385,133,13748.17,12855.15,FORTALEZA,5,FALSE,meat
1386,167,4911.88,3347.88,RECIFE,1,TRUE,meat
1387,163,16936.70,11856.43,SAO LUIS,5,FALSE,meat
1388,328,28368.22,22211.85,RECIFE,9,FALSE,meat
1389,266,46775.60,31387.89,RECIFE,13,FALSE,meat
1390,201,49505.50,42126.83,SAO LUIS,12,FALSE,unknown
1391,226,40455.60,28041.78,SAO LUIS,11,FALSE,meat
1392,213,29380.08,20247.86,SAO LUIS,8,FALSE,meat
1393,175,10178.47,7240.79,RECIFE,2,FALSE,unknown
1394,149,21277.26,20648.21,NATAL,8,FALSE,meat
1395,176,24713.90,23633.59,NATAL,9,FALSE,meat
1396,302,64344.86,51661.17,SAO LUIS,15,FALSE,unknown
1397,134,8512.95,7148.19,RECIFE,2,FALSE,unknown
1398,157,20619.94,14226.94,NATAL,4,FALSE,unknown
1399,190,38723.74,32463.54,FORTALEZA,13,FALSE,meat
1400,124,13702.93,13447.68,SAO LUIS,9,FALSE,vegetable
1401,147,16567.42,13016.25,FORTALEZA,4,FALSE,unknown
1402,185,28141.68,21934.07,FORTALEZA,15,TRUE,vegetable
1403,179,19496.77,14404.01,FORTALEZA,4,TRUE,unknown
1404,177,9090.83,6109.87,NATAL,2,FALSE,unknown
1405,232,35070.25,28496.12,RECIFE,11,FALSE,meat
1406,189,24048.65,23375.11,NATAL,9,FALSE,meat
1407,147,12166.10,10282.83,SAO LUIS,4,FALSE,meat
1408,198,16597.99,15641.34,SAO LUIS,4,FALSE,unknown
1409,204,35052.52,26135.51,RECIFE,10,FALSE,meat
1410,237,32466.97,31592.15,NATAL,13,FALSE,meat
1411,172,21521.00,17058.90,SAO LUIS,11,TRUE,vegetable
1412,228,55031.95,37156.02,NATAL,15,FALSE,meat
1413,286,35362.00,26933.37,RECIFE,11,FALSE,meat
1414,145,25652.34,17143.43,SAO LUIS,5,FALSE,unknown
1415,283,28112.96,22472.03,RECIFE,9,FALSE,meat
1416,259,29982.19,26532.44,FORTALEZA,11,FALSE,meat
1417,263,49164.41,34461.07,FORTALEZA,14,FALSE,meat
1418,361,67030.71,44876.62,NATAL,13,FALSE,unknown
1419,265,56035.52,39433.13,RECIFE,11,FALSE,unknown
1420,146,39472.59,28499.35,RECIFE,11,FALSE,meat
1421,258,29576.41,22586.05,RECIFE,9,FALSE,meat
1422,173,28984.16,21015.98,SAO LUIS,14,TRUE,vegetable
1423,168,8963.99,6258.55,NATAL,4,TRUE,vegetable
1424,180,24718.41,21097.47,RECIFE,8,FALSE,meat
1425,117,9920.01,7005.45,RECIFE,2,FALSE,unknown
1426,157,19241.86,12899.36,RECIFE,5,FALSE,meat
1427,175,21121.10,14151.55,RECIFE,6,TRUE,meat
1428,178,23953.10,22360.83,SAO LUIS,6,TRUE,unknown
1429,183,63692.42,45703.42,RECIFE,13,TRUE,unknown
1430,148,28061.11,21047.44,RECIFE,8,FALSE,meat
1431,167,20304.47,19373.84,RECIFE,8,FALSE,meat
1432,281,62717.98,47574.26,RECIFE,14,FALSE,unknown
1433,276,43686.13,36192.32,NATAL,14,FALSE,meat
1434,185,24508.09,16675.31,RECIFE,7,TRUE,meat
1435,193,29401.48,26572.81,RECIFE,8,TRUE,unknown
1436,100,6622.10,5690.99,RECIFE,2,FALSE,meat
1437,172,23793.50,16132.99,NATAL,11,TRUE,vegetable
1438,172,15734.01,15368.91,RECIFE,4,TRUE,unknown
1439,140,16288.49,11082.66,NATAL,4,FALSE,meat
1440,170,28109.12,23018.93,RECIFE,9,FALSE,meat
1441,172,6546.85,4478.46,RECIFE,2,TRUE,meat
1442,179,21329.98,14710.29,RECIFE,10,FALSE,vegetable
1443,176,31055.18,25991.52,NATAL,10,TRUE,meat
1444,193,30702.54,21333.78,SAO LUIS,9,FALSE,meat
1445,230,29007.18,22488.89,SAO LUIS,15,FALSE,vegetable
1446,170,16556.99,11766.49,FORTALEZA,5,FALSE,meat
1447,154,22713.35,16086.90,RECIFE,6,FALSE,meat
1448,220,36906.80,24705.40,RECIFE,7,FALSE,unknown
1449,219,38483.26,35295.55,SAO LUIS,10,FALSE,unknown
1450,106,10433.21,7519.99,RECIFE,2,FALSE,unknown
1451,178,35754.98,24018.50,NATAL,7,TRUE,unknown
1452,150,7383.13,5145.90,RECIFE,2,FALSE,meat
1453,228,35228.58,29859.96,SAO LUIS,12,FALSE,meat
1454,173,26236.45,21355.32,SAO LUIS,14,FALSE,vegetable
1455,185,38238.83,32766.76,RECIFE,9,TRUE,unknown
1456,169,23857.71,17153.83,RECIFE,7,FALSE,meat
1457,340,39166.80,30710.76,RECIFE,12,FALSE,meat
1458,211,15063.92,10184.39,FORTALEZA,4,FALSE,meat
1459,255,45724.22,40606.33,SAO LUIS,12,FALSE,unknown
1460,177,18953.07,16701.03,SAO LUIS,5,TRUE,unknown
1461,202,19838.20,18020.42,RECIFE,5,FALSE,unknown
1462,179,18612.65,17577.65,SAO LUIS,12,FALSE,vegetable
1463,183,54196.66,46870.39,NATAL,13,FALSE,unknown
1464,229,36771.70,34928.59,SAO LUIS,14,FALSE,meat
1465,115,16906.20,15757.86,RECIFE,6,FALSE,meat
1466,157,45271.13,31679.86,RECIFE,13,FALSE,meat
1467,175,40921.27,30409.90,SAO LUIS,9,FALSE,unknown
1468,112,9237.67,8306.79,SAO LUIS,2,FALSE,unknown
1469,168,5968.71,4931.21,SAO LUIS,3,TRUE,vegetable
1470,104,4211.61,3629.70,SAO LUIS,1,FALSE,unknown
1471,152,20901.85,16499.84,RECIFE,5,FALSE,unknown
1472,159,15136.21,14270.72,RECIFE,10,FALSE,vegetable
1473,185,66903.77,48001.78,SAO LUIS,14,TRUE,unknown
1474,164,6699.63,4910.41,RECIFE,2,FALSE,meat
1475,209,31315.09,22342.12,FORTALEZA,15,FALSE,vegetable
1476,135,24961.92,20247.56,RECIFE,6,FALSE,unknown
1477,177,9972.03,20105.70,RECIFE,2,TRUE,unknown
1478,203,37202.00,28815.76,RECIFE,12,FALSE,meat
1479,190,24501.86,21271.82,RECIFE,9,FALSE,meat
1480,184,56054.18,47995.66,RECIFE,14,TRUE,unknown
1481,191,45116.81,30849.69,SAO LUIS,12,TRUE,meat
1482,226,51333.75,51168.00,FORTALEZA,15,FALSE,unknown
1483,195,16694.85,16239.85,RECIFE,6,FALSE,meat
1484,181,32544.44,25457.08,SAO LUIS,7,TRUE,unknown
1485,217,26791.37,21885.54,RECIFE,9,FALSE,meat
1486,190,56233.42,43440.82,RECIFE,12,TRUE,unknown
1487,152,7923.20,6734.01,RECIFE,2,FALSE,unknown
1488,189,40219.97,37061.79,SAO LUIS,11,TRUE,unknown
1489,152,35668.92,35552.79,SAO LUIS,10,FALSE,unknown
1490,128,14392.00,9842.87,SAO LUIS,7,FALSE,vegetable
1491,226,47172.35,34307.82,NATAL,10,FALSE,unknown
1492,177,12788.84,9961.50,RECIFE,3,TRUE,unknown
1493,182,19323.64,16781.40,RECIFE,7,TRUE,meat
1494,178,52809.97,43891.55,SAO LUIS,13,TRUE,unknown
1495,173,2222.77,1516.72,RECIFE,1,TRUE,vegetable
1496,124,13470.60,13062.34,RECIFE,5,FALSE,meat
1497,111,2506.63,2185.38,SAO LUIS,1,FALSE,vegetable
1498,170,28829.92,22085.95,RECIFE,15,FALSE,vegetable
1499,164,49054.18,36642.88,SAO LUIS,15,FALSE,meat
1500,179,19985.42,18792.47,FORTALEZA,13,TRUE,vegetable
1501,166,9192.10,9048.02,SAO LUIS,3,TRUE,unknown
1502,189,27069.70,23561.60,SAO LUIS,9,FALSE,meat
1503,134,17360.11,13429.72,RECIFE,5,FALSE,meat
1504,201,37243.28,28608.99,SAO LUIS,11,FALSE,meat
1505,229,51029.44,38519.92,RECIFE,11,FALSE,unknown
1506,124,7764.27,5980.99,NATAL,2,FALSE,meat
1507,194,29244.32,21170.05,RECIFE,8,FALSE,meat
1508,195,56822.73,48310.82,RECIFE,14,TRUE,unknown
1509,176,21380.64,21037.26,NATAL,8,TRUE,meat
1510,171,13126.91,12356.35,RECIFE,5,FALSE,meat
1511,175,22681.57,22441.15,RECIFE,6,TRUE,unknown
1512,184,36608.36,28245.95,RECIFE,8,TRUE,unknown
1513,126,6475.01,4379.20,FORTALEZA,2,FALSE,meat
1514,156,20735.01,15749.26,SAO LUIS,4,FALSE,unknown
1515,180,18425.53,14823.79,FORTALEZA,10,TRUE,vegetable
1516,189,51287.38,41727.59,SAO LUIS,12,TRUE,unknown
1517,211,26566.62,18534.06,SAO LUIS,12,FALSE,vegetable
1518,199,41002.54,30012.42,RECIFE,12,FALSE,meat
1519,134,25654.05,19039.82,RECIFE,8,FALSE,meat
1520,176,18590.31,20105.70,FORTALEZA,5,TRUE,meat
1521,326,53283.05,36234.79,FORTALEZA,14,FALSE,meat
1522,178,13726.69,10223.78,RECIFE,4,FALSE,meat
1523,220,42156.38,36983.46,FORTALEZA,15,FALSE,meat
1524,224,44480.54,29920.32,SAO LUIS,12,FALSE,meat
1525,264,38441.42,25681.46,FORTALEZA,10,FALSE,meat
1526,203,53531.51,35709.52,RECIFE,14,FALSE,meat
1527,174,17194.33,12566.38,FORTALEZA,5,FALSE,meat
1528,166,27431.29,20770.61,RECIFE,6,FALSE,unknown
1529,224,23625.60,15967.32,RECIFE,6,FALSE,meat
1530,176,23606.23,16936.34,FORTALEZA,5,TRUE,unknown
1531,254,31160.67,24647.19,RECIFE,10,FALSE,meat
1532,130,20271.69,19896.62,RECIFE,8,FALSE,meat
1533,260,41938.62,33381.29,NATAL,13,FALSE,meat
1534,143,14334.45,13250.05,NATAL,4,FALSE,unknown
1535,113,7404.29,6249.71,RECIFE,2,FALSE,meat
1536,163,12307.65,8289.43,RECIFE,3,FALSE,meat
1537,116,5151.23,4174.15,FORTALEZA,2,FALSE,meat
1538,121,11570.74,11228.62,SAO LUIS,3,FALSE,unknown
1539,136,16404.00,13435.66,SAO LUIS,9,FALSE,vegetable
1540,168,13189.01,8973.33,RECIFE,4,FALSE,meat
1541,229,34290.27,28670.70,RECIFE,11,FALSE,meat
1542,200,47433.27,33797.92,SAO LUIS,14,FALSE,meat
1543,167,13754.67,13529.18,RECIFE,5,TRUE,meat
1544,146,11808.63,10962.34,FORTALEZA,3,FALSE,unknown
1545,134,5550.16,4811.46,NATAL,2,FALSE,meat
1546,174,9916.81,6951.37,RECIFE,5,TRUE,vegetable
1547,229,32081.21,21518.38,SAO LUIS,9,FALSE,meat
1548,175,48474.05,42801.63,RECIFE,12,FALSE,unknown
1549,220,41776.68,39039.75,RECIFE,11,FALSE,unknown
1550,142,4480.97,3978.30,RECIFE,2,FALSE,meat
1551,199,18835.33,17153.20,FORTALEZA,7,FALSE,meat
1552,227,10602.34,9691.15,SAO LUIS,4,FALSE,meat
1553,261,47264.65,32814.76,SAO LUIS,13,FALSE,meat
1554,155,25224.06,20782.17,RECIFE,8,FALSE,meat
1555,109,3187.81,2825.88,SAO LUIS,1,FALSE,meat
1556,159,14724.27,11455.18,RECIFE,8,FALSE,vegetable
1557,179,19131.98,15233.80,RECIFE,10,TRUE,vegetable
1558,173,14810.36,11606.96,FORTALEZA,5,TRUE,meat
1559,195,64713.52,48272.74,FORTALEZA,14,TRUE,unknown
1560,185,41109.21,31761.40,RECIFE,13,FALSE,meat
1561,189,28389.28,27283.13,FORTALEZA,11,TRUE,meat
1562,142,29117.73,23850.61,FORTALEZA,10,FALSE,meat
1563,103,6289.54,4621.74,FORTALEZA,2,FALSE,meat
1564,136,5495.45,4280.52,RECIFE,3,FALSE,vegetable
1565,100,3482.81,3137.17,RECIFE,1,FALSE,meat
1566,129,7324.70,6611.73,SAO LUIS,3,FALSE,meat
1567,180,23110.80,21494.85,RECIFE,14,FALSE,vegetable
1568,110,13651.11,13139.31,NATAL,5,FALSE,meat
1569,101,5851.24,4038.32,SAO LUIS,2,FALSE,meat
1570,232,29674.05,25218.61,RECIFE,7,FALSE,unknown
1571,188,23524.76,18878.34,RECIFE,8,FALSE,meat
1572,182,37841.12,29510.96,SAO LUIS,12,FALSE,meat
1573,118,12188.56,8810.58,SAO LUIS,4,FALSE,meat
1574,168,6662.82,4672.33,RECIFE,2,FALSE,meat
1575,178,12240.44,10960.54,SAO LUIS,3,TRUE,unknown
1576,140,2741.28,2108.74,RECIFE,1,FALSE,vegetable
1577,109,6828.80,6467.04,RECIFE,3,FALSE,meat
1578,252,42111.04,37107.45,FORTALEZA,15,FALSE,meat
1579,170,13313.24,11217.09,FORTALEZA,7,TRUE,vegetable
1580,271,61205.56,52211.05,RECIFE,15,FALSE,unknown
1581,139,14790.64,10007.50,SAO LUIS,3,FALSE,unknown
1582,151,23100.46,17119.52,NATAL,11,FALSE,vegetable
1583,221,24051.20,16512.65,RECIFE,7,FALSE,meat
1584,176,17625.66,12750.62,SAO LUIS,8,TRUE,vegetable
1585,165,7340.45,5690.96,NATAL,2,TRUE,unknown
1586,158,11059.59,9691.26,SAO LUIS,6,FALSE,vegetable
1587,179,24246.95,18964.74,FORTALEZA,8,TRUE,meat
1588,190,22107.21,17978.07,RECIFE,5,FALSE,unknown
1589,224,56008.42,50750.32,SAO LUIS,14,FALSE,unknown
1590,173,15800.29,12654.86,SAO LUIS,5,FALSE,meat
1591,164,21163.37,15040.03,RECIFE,6,FALSE,meat
1592,134,23845.53,21912.44,SAO LUIS,6,FALSE,unknown
1593,195,61799.60,51138.80,SAO LUIS,15,TRUE,unknown
1594,162,18720.24,17655.88,SAO LUIS,5,FALSE,unknown
1595,300,62234.22,45019.19,RECIFE,13,FALSE,unknown
1596,186,50657.96,36123.59,RECIFE,14,TRUE,meat
1597,176,26357.09,19535.09,SAO LUIS,6,TRUE,unknown
1598,119,21425.35,20462.38,RECIFE,8,FALSE,meat
1599,182,31642.45,21901.16,RECIFE,15,TRUE,vegetable
1600,184,58562.94,41709.62,FORTALEZA,12,TRUE,unknown
1601,187,47419.44,37167.95,SAO LUIS,11,TRUE,unknown
1602,170,18287.24,14034.81,NATAL,6,TRUE,meat
1603,187,28506.39,21794.72,RECIFE,9,FALSE,meat
1604,180,12304.59,10074.35,SAO LUIS,3,TRUE,unknown
1605,169,6094.55,5401.28,RECIFE,2,TRUE,unknown
1606,180,25772.69,20582.35,RECIFE,6,FALSE,unknown
1607,175,9367.13,6763.48,RECIFE,5,TRUE,vegetable
1608,185,41571.48,33272.22,SAO LUIS,10,TRUE,unknown
1609,182,39879.08,37942.66,RECIFE,11,TRUE,unknown
1610,178,31393.59,21167.83,SAO LUIS,6,TRUE,unknown
1611,172,16539.70,12000.22,SAO LUIS,8,TRUE,vegetable
1612,140,17257.86,16534.60,SAO LUIS,7,FALSE,meat
1613,154,38795.63,26961.08,SAO LUIS,11,FALSE,meat
1614,174,18319.61,14768.28,RECIFE,4,FALSE,unknown
1615,235,37095.44,32658.57,RECIFE,13,FALSE,meat
1616,174,9386.87,6336.77,RECIFE,3,FALSE,meat
1617,143,14785.84,10435.67,NATAL,4,FALSE,meat
1618,283,68427.17,48893.40,SAO LUIS,14,FALSE,unknown
1619,163,3345.51,2926.31,RECIFE,2,TRUE,vegetable
1620,158,21581.01,16353.75,RECIFE,11,FALSE,vegetable
1621,156,14179.65,10424.22,RECIFE,4,FALSE,meat
1622,191,24243.67,23612.97,NATAL,9,FALSE,meat
1623,168,24182.11,19174.03,RECIFE,13,FALSE,vegetable
1624,192,25492.14,19920.76,NATAL,13,FALSE,vegetable
1625,148,7073.48,5107.17,FORTALEZA,2,FALSE,meat
1626,179,30543.94,25781.71,RECIFE,10,FALSE,meat
1627,200,30341.38,21245.32,RECIFE,6,FALSE,unknown
1628,214,39509.72,30290.36,RECIFE,12,FALSE,meat
1629,355,57120.78,41443.93,SAO LUIS,12,FALSE,unknown
1630,176,21012.78,18838.02,SAO LUIS,13,TRUE,vegetable
1631,197,64197.45,46149.98,RECIFE,13,TRUE,unknown
1632,174,41125.84,28537.39,SAO LUIS,11,FALSE,meat
1633,160,11937.81,11424.54,FORTALEZA,8,FALSE,vegetable
1634,134,11639.60,8011.75,RECIFE,2,FALSE,unknown
1635,184,28069.43,18846.29,SAO LUIS,13,TRUE,vegetable
1636,172,17241.34,11515.94,NATAL,3,FALSE,unknown
1637,186,37374.34,29279.67,RECIFE,8,TRUE,unknown
1638,174,28502.07,20791.96,FORTALEZA,6,TRUE,unknown
1639,172,7390.50,20105.70,FORTALEZA,4,TRUE,vegetable
1640,241,36078.79,25496.86,NATAL,10,FALSE,meat
1641,164,33927.82,27946.43,RECIFE,11,FALSE,meat
1642,180,18451.32,13327.99,FORTALEZA,9,TRUE,vegetable
1643,100,1759.54,1584.02,RECIFE,1,FALSE,vegetable
1644,295,30049.40,22217.95,SAO LUIS,9,FALSE,meat
1645,244,23033.51,17900.56,FORTALEZA,7,FALSE,meat
1646,194,43184.43,32863.55,NATAL,9,TRUE,unknown
1647,247,46155.31,36227.49,RECIFE,14,FALSE,meat
1648,205,27109.99,23535.20,SAO LUIS,7,FALSE,unknown
1649,379,62541.83,43575.47,RECIFE,12,FALSE,unknown
1650,186,20388.34,17788.52,NATAL,7,TRUE,meat
1651,240,42911.08,28610.98,SAO LUIS,11,FALSE,meat
1652,119,7593.56,6283.92,RECIFE,3,FALSE,meat
1653,102,4401.43,3814.89,FORTALEZA,2,FALSE,meat
1654,174,12181.97,9329.41,RECIFE,6,TRUE,vegetable
1655,293,56980.02,46409.79,RECIFE,13,FALSE,unknown
1656,307,62457.10,52406.08,RECIFE,15,FALSE,unknown
1657,263,33515.42,30803.52,RECIFE,12,FALSE,meat
1658,170,4847.47,3524.33,RECIFE,1,TRUE,meat
1659,204,49313.01,34269.94,RECIFE,10,FALSE,unknown
1660,158,22303.36,19734.19,RECIFE,8,FALSE,meat
1661,172,20598.27,16689.30,FORTALEZA,7,FALSE,meat
1662,200,46052.88,30911.02,RECIFE,12,FALSE,meat
1663,141,8768.63,8350.94,SAO LUIS,3,FALSE,meat
1664,168,10015.55,8381.72,NATAL,6,FALSE,vegetable
1665,193,34275.64,28689.01,NATAL,8,FALSE,unknown
1666,179,24368.23,20901.79,FORTALEZA,6,TRUE,unknown
1667,173,31546.46,21598.80,FORTALEZA,9,TRUE,meat
1668,174,9919.75,9623.25,RECIFE,3,TRUE,unknown
1669,169,18608.46,14079.26,RECIFE,9,TRUE,vegetable
1670,187,55725.99,50889.44,NATAL,15,TRUE,unknown
1671,206,31569.93,21496.25,FORTALEZA,9,FALSE,meat
1672,215,17460.39,14083.18,RECIFE,4,FALSE,unknown
1673,224,38791.31,36808.89,NATAL,11,FALSE,unknown
1674,186,30384.18,25448.19,RECIFE,10,TRUE,meat
1675,193,48558.53,36540.67,RECIFE,15,FALSE,meat
1676,175,20517.70,17443.10,FORTALEZA,12,TRUE,vegetable
1677,216,35337.31,31051.87,RECIFE,9,FALSE,unknown
1678,178,30847.55,26599.87,RECIFE,11,TRUE,meat
1679,192,39384.62,28287.47,FORTALEZA,11,FALSE,meat
1680,232,41159.57,29529.38,NATAL,12,FALSE,meat
1681,163,30552.61,30356.27,NATAL,9,FALSE,unknown
1682,109,8949.65,6638.93,SAO LUIS,3,FALSE,meat
1683,179,25363.33,21964.20,RECIFE,9,TRUE,meat
1684,169,24297.21,17672.90,SAO LUIS,5,TRUE,unknown
1685,192,58771.20,20105.70,SAO LUIS,14,TRUE,unknown
1686,244,13984.06,13307.46,FORTALEZA,4,FALSE,unknown
1687,173,17306.09,11812.12,SAO LUIS,8,TRUE,vegetable
1688,177,39232.66,27015.04,RECIFE,11,FALSE,meat
1689,114,3911.14,3759.09,NATAL,2,FALSE,meat
1690,220,43681.37,30304.41,RECIFE,9,FALSE,unknown
1691,188,35479.82,34584.48,RECIFE,14,FALSE,meat
1692,137,5884.66,4440.33,NATAL,1,FALSE,unknown
1693,218,36875.18,31262.74,RECIFE,13,FALSE,meat
1694,182,54707.29,36672.31,SAO LUIS,15,TRUE,meat
1695,156,12852.92,11355.59,FORTALEZA,3,FALSE,unknown
1696,237,34210.57,30681.00,FORTALEZA,9,FALSE,unknown
1697,180,32885.82,30266.71,RECIFE,12,TRUE,meat
1698,231,43868.50,36341.88,RECIFE,15,FALSE,meat
1699,141,10984.87,7538.60,RECIFE,3,FALSE,meat
1700,248,20691.49,13858.67,SAO LUIS,4,FALSE,unknown
1701,168,34935.06,30443.63,SAO LUIS,12,FALSE,meat
1702,247,51449.27,34830.12,SAO LUIS,14,FALSE, Meat
1703,171,6414.96,5521.23,SAO LUIS,2,TRUE,meat
1704,130,7104.27,5952.89,SAO LUIS,2,FALSE,meat
1705,181,19722.98,13360.06,SAO LUIS,5,FALSE, Meat
1706,184,41638.32,35128.22,SAO LUIS,14,FALSE,meat
1707,167,21274.79,15977.42,RECIFE,6,FALSE,meat
1708,187,27136.21,21135.29,RECIFE,6,FALSE,unknown
1709,118,8086.37,7722.86,RECIFE,3,FALSE,meat
1710,166,9558.91,8227.72,RECIFE,5,TRUE,vegetable
1711,300,35865.80,24022.17,FORTALEZA,10,FALSE,meat
1712,137,19860.67,16329.90,RECIFE,7,FALSE,meat
1713,170,24013.71,16077.74,FORTALEZA,11,FALSE,vegetable
1714,126,8441.04,5915.25,RECIFE,4,FALSE,vegetable
1715,108,2342.54,1616.08,SAO LUIS,1,FALSE,vegetable
1716,287,63883.28,47812.00,RECIFE,14,FALSE,unknown
1717,215,34850.30,23239.95,SAO LUIS,9,FALSE,meat
1718,120,5330.50,3984.42,FORTALEZA,2,FALSE,meat
1719,203,24711.42,19623.15,RECIFE,8,FALSE,meat
1720,201,41278.15,33395.81,RECIFE,10,FALSE,unknown
1721,173,37776.95,34593.03,RECIFE,14,FALSE,meat
1722,102,5900.70,5045.15,SAO LUIS,2,FALSE,meat
1723,154,39549.41,31866.39,SAO LUIS,13,FALSE,meat
1724,318,50465.79,37237.00,SAO LUIS,11,FALSE,unknown
1725,155,19983.67,16126.39,RECIFE,6,FALSE,meat
1726,120,11745.72,8410.45,RECIFE,3,FALSE,meat
1727,166,7308.98,6569.44,SAO LUIS,4,TRUE,vegetable
1728,183,42991.16,30131.77,RECIFE,9,TRUE,unknown
1729,178,19329.14,18111.77,NATAL,7,TRUE,meat
1730,249,62265.27,47465.48,FORTALEZA,14,FALSE,unknown
1731,180,48626.59,39166.38,RECIFE,11,TRUE,unknown
1732,220,24443.22,21802.49,FORTALEZA,15,FALSE,vegetable
1733,154,19499.41,17922.73,RECIFE,5,FALSE,unknown
1734,258,40755.18,31033.82,NATAL,9,FALSE,unknown
1735,187,22480.12,20105.70,SAO LUIS,15,FALSE,vegetable
1736,214,31320.01,21022.77,FORTALEZA,8,FALSE,meat
1737,150,10416.45,7351.03,RECIFE,3,FALSE,meat
1738,334,53090.02,39136.37,SAO LUIS,11,FALSE,unknown
1739,219,52164.52,51739.45,RECIFE,15,FALSE,unknown
1740,150,7804.17,6303.78,RECIFE,4,FALSE,vegetable
1741,151,15088.73,10565.59,SAO LUIS,4,FALSE,meat
1742,180,48501.11,36799.38,SAO LUIS,15,TRUE,meat
1743,213,21578.32,14643.27,SAO LUIS,6,FALSE,meat
1744,199,52867.09,47227.64,SAO LUIS,13,TRUE,unknown
1745,176,24763.44,16977.94,NATAL,7,TRUE,meat
1746,194,34896.94,23497.59,NATAL,7,FALSE,unknown
1747,169,10997.94,9314.35,FORTALEZA,6,TRUE,vegetable
1748,82,2360.56,1649.88,RECIFE,1,FALSE,vegetable
1749,149,13164.13,11332.31,SAO LUIS,5,FALSE,meat
1750,304,45677.73,37156.20,SAO LUIS,15,FALSE,meat
1751,180,16706.50,12051.62,RECIFE,8,TRUE,vegetable
1752,99,4542.86,3323.19,NATAL,1,FALSE,meat
1753,158,13577.35,10104.87,SAO LUIS,4,FALSE,meat
1754,198,45774.06,31661.56,FORTALEZA,9,FALSE,unknown
1755,159,7189.71,6853.40,FORTALEZA,5,TRUE,vegetable
1756,167,10003.79,9414.05,SAO LUIS,4,TRUE,meat
1757,210,13361.47,9796.79,RECIFE,7,FALSE,vegetable
1758,109,4405.06,4110.73,SAO LUIS,1,FALSE,unknown
1759,95,5612.83,5312.37,RECIFE,2,FALSE,unknown
1760,89,2906.70,2855.57,SAO LUIS,2,FALSE,vegetable
1761,147,12457.69,11684.87,FORTALEZA,5,FALSE,meat
1762,191,30722.02,23125.27,RECIFE,7,FALSE,unknown
1763,222,32126.60,21875.28,RECIFE,6,FALSE,unknown
1764,250,47455.65,37383.76,SAO LUIS,15,FALSE,meat
1765,257,51998.64,35189.02,RECIFE,10,FALSE,unknown
1766,201,50587.62,40774.00,FORTALEZA,12,FALSE,unknown
1767,166,12371.26,8613.27,SAO LUIS,3,TRUE,meat
1768,177,20857.74,15181.77,NATAL,6,TRUE,meat
1769,158,31662.55,28827.04,FORTALEZA,8,FALSE,unknown
1770,253,47903.26,33268.13,SAO LUIS,13,FALSE,meat
1771,168,5829.51,3938.12,SAO LUIS,3,TRUE,vegetable
1772,222,29374.46,21049.75,RECIFE,8,FALSE,meat
1773,190,36656.92,25956.34,RECIFE,7,FALSE,unknown
1774,120,12450.48,8525.46,SAO LUIS,2,FALSE,unknown
1775,213,44189.77,36939.70,FORTALEZA,11,FALSE,unknown
1776,198,32172.19,25313.26,RECIFE,10,FALSE,meat
1777,232,30170.90,27808.19,RECIFE,8,FALSE,unknown
1778,99,3915.81,3062.71,SAO LUIS,1,FALSE,meat
1779,179,29345.21,21229.10,SAO LUIS,6,TRUE,unknown
1780,205,38702.09,29584.48,FORTALEZA,12,FALSE,meat
1781,154,11913.33,8505.19,RECIFE,3,FALSE,meat
1782,364,70026.68,47392.77,RECIFE,14,FALSE,unknown
1783,152,34096.52,23945.51,RECIFE,10,FALSE,meat
1784,181,32600.60,28013.39,FORTALEZA,8,FALSE,unknown
1785,176,22538.57,20407.89,NATAL,6,TRUE,unknown
1786,145,31461.59,27272.42,FORTALEZA,11,FALSE,meat
1787,194,22496.75,19827.96,RECIFE,13,FALSE,vegetable
1788,171,28590.69,26218.20,FORTALEZA,10,FALSE,meat
1789,202,25434.76,19631.02,NATAL,13,FALSE,vegetable
1790,189,29801.04,29302.16,RECIFE,8,FALSE,unknown
1791,193,24123.10,19149.87,SAO LUIS,8,FALSE,meat
1792,178,55343.20,40761.13,SAO LUIS,12,FALSE,unknown
1793,163,12908.29,12891.34,NATAL,9,FALSE,vegetable
1794,215,33397.99,27685.39,RECIFE,11,FALSE,meat
1795,182,26798.74,21598.68,RECIFE,9,FALSE,meat
1796,166,17037.52,13386.46,SAO LUIS,4,TRUE,unknown
1797,156,27436.95,21301.82,RECIFE,9,FALSE,meat
1798,138,10775.83,9895.53,RECIFE,7,FALSE,vegetable
1799,133,5781.78,4418.03,RECIFE,2,FALSE,meat
1800,189,47747.17,42406.40,RECIFE,12,FALSE,unknown
1801,266,15078.56,14809.55,FORTALEZA,4,FALSE,unknown
1802,157,28462.81,20105.70,RECIFE,9,FALSE,meat
1803,199,36693.35,31156.43,NATAL,9,FALSE,unknown
1804,202,31075.39,21416.78,RECIFE,14,FALSE,vegetable
1805,254,39728.31,35324.86,SAO LUIS,14,FALSE,meat
1806,119,10945.55,9628.08,SAO LUIS,3,FALSE,unknown
1807,195,23811.50,17167.74,SAO LUIS,7,FALSE,meat
1808,182,33036.85,22072.06,NATAL,15,TRUE,vegetable
1809,178,51879.64,35237.04,RECIFE,10,FALSE,unknown
1810,260,64274.15,46224.99,NATAL,13,FALSE,unknown
1811,123,8937.13,7578.60,RECIFE,2,FALSE,unknown
1812,181,20396.77,16994.90,SAO LUIS,11,TRUE,vegetable
1813,171,15222.68,13318.31,FORTALEZA,5,FALSE,meat
1814,156,21405.71,19172.45,FORTALEZA,8,FALSE,meat
1815,119,7595.23,5115.90,SAO LUIS,2,FALSE,meat
1816,173,29549.40,20232.26,SAO LUIS,8,FALSE,meat
1817,127,18551.77,15572.25,SAO LUIS,4,FALSE,unknown
1818,172,20247.27,16856.80,SAO LUIS,11,TRUE,vegetable
1819,161,37052.62,37044.52,FORTALEZA,15,FALSE,meat
1820,159,28460.03,24849.66,NATAL,10,FALSE,meat
1821,197,46020.20,31510.12,RECIFE,9,TRUE,unknown
1822,181,8430.06,6741.01,SAO LUIS,3,FALSE,meat
1823,157,14436.15,13668.43,RECIFE,4,FALSE,unknown
1824,94,4521.80,3079.02,SAO LUIS,1,FALSE,meat
1825,125,14666.12,12546.02,SAO LUIS,5,FALSE,meat
1826,101,3138.50,2254.62,NATAL,2,FALSE,vegetable
1827,100,10211.22,8655.49,RECIFE,2,FALSE,unknown
1828,169,13839.00,10543.83,RECIFE,4,TRUE,meat
1829,161,18170.55,15206.93,SAO LUIS,6,FALSE,meat
1830,224,48051.68,38617.47,FORTALEZA,11,FALSE,unknown
1831,176,15616.38,12744.60,RECIFE,4,TRUE,unknown
1832,200,64791.47,43291.45,RECIFE,12,TRUE,unknown
1833,181,37703.58,34383.41,RECIFE,14,TRUE,meat
1834,172,7509.08,7416.49,SAO LUIS,2,FALSE,unknown
1835,247,45768.20,20105.70,NATAL,9,FALSE,unknown
1836,101,4409.30,3360.84,FORTALEZA,1,FALSE,meat
1837,153,14445.42,11155.87,SAO LUIS,3,FALSE,unknown
1838,125,9706.51,7227.60,RECIFE,5,FALSE,vegetable
1839,168,15895.02,11928.76,FORTALEZA,8,FALSE,vegetable
1840,176,26505.93,18172.73,SAO LUIS,7,FALSE,meat
1841,308,48933.13,42704.13,SAO LUIS,12,FALSE,unknown
1842,218,38016.79,28727.97,RECIFE,8,FALSE,unknown
1843,170,7546.00,5571.34,RECIFE,4,TRUE,vegetable
1844,246,42845.82,31603.27,SAO LUIS,13,FALSE,meat
1845,197,22781.77,21610.76,SAO LUIS,9,FALSE,meat
1846,180,33990.55,23677.68,SAO LUIS,7,TRUE,unknown
1847,136,11764.72,11218.13,RECIFE,3,FALSE,unknown
1848,242,44451.31,32728.52,RECIFE,13,FALSE,meat
1849,147,9024.98,8224.98,SAO LUIS,2,FALSE,unknown
1850,123,5469.11,3723.33,RECIFE,1,FALSE,unknown
1851,190,52589.17,35603.64,RECIFE,10,TRUE,unknown
1852,164,26984.28,23772.66,FORTALEZA,10,FALSE,meat
1853,187,29243.75,27270.17,RECIFE,8,FALSE,unknown
1854,261,53360.97,48431.46,NATAL,14,FALSE,unknown
1855,88,6499.21,5060.06,FORTALEZA,3,FALSE,vegetable
1856,235,32246.22,27575.95,FORTALEZA,11,FALSE,meat
1857,184,25872.11,24223.44,RECIFE,10,TRUE,meat
1858,123,13355.47,9830.92,SAO LUIS,3,FALSE,unknown
1859,157,38407.62,36310.96,RECIFE,15,FALSE,meat
1860,225,37598.58,31730.00,FORTALEZA,13,FALSE,meat
1861,211,46934.72,37182.93,RECIFE,15,FALSE,meat
1862,287,47997.62,32073.12,RECIFE,13,FALSE,meat
1863,178,22182.56,21188.46,SAO LUIS,6,FALSE,unknown
1864,261,47965.37,45595.58,SAO LUIS,13,FALSE,unknown
1865,128,5757.86,4651.12,NATAL,3,FALSE,vegetable
1866,204,47773.53,37101.34,SAO LUIS,11,FALSE,unknown
1867,177,11537.71,10983.33,NATAL,3,TRUE,unknown
1868,172,21648.98,17706.83,RECIFE,12,TRUE,vegetable
1869,184,52858.17,35481.71,RECIFE,14,TRUE,meat
1870,233,21163.73,20840.82,RECIFE,8,FALSE,meat
1871,206,44317.86,35676.33,NATAL,14,FALSE,meat
1872,170,10612.29,7549.20,SAO LUIS,3,FALSE,meat
1873,139,5782.51,4524.27,RECIFE,2,FALSE,meat
1874,192,17003.15,11414.02,FORTALEZA,5,FALSE,meat
1875,137,19946.68,13434.23,RECIFE,9,FALSE,vegetable
1876,210,27416.73,21092.64,RECIFE,14,FALSE,vegetable
1877,230,35515.98,29524.71,SAO LUIS,12,FALSE,meat
1878,172,8436.75,7183.65,NATAL,2,FALSE,unknown
1879,162,3794.22,3255.81,RECIFE,1,TRUE,meat
1880,181,23722.50,22077.01,NATAL,9,FALSE,meat
1881,172,7686.46,5249.86,SAO LUIS,3,TRUE,vegetable
1882,228,31795.41,30951.21,RECIFE,12,FALSE,meat
1883,278,49988.66,47719.29,SAO LUIS,14,FALSE,unknown
1884,236,37812.23,36977.00,RECIFE,15,FALSE,meat
1885,258,58402.82,42700.50,NATAL,12,FALSE,unknown
1886,153,18493.79,13562.85,FORTALEZA,9,FALSE,vegetable
1887,128,5763.20,4891.18,RECIFE,3,FALSE,vegetable
1888,184,44740.73,38551.29,RECIFE,11,TRUE,unknown
1889,155,7499.25,5336.37,SAO LUIS,2,FALSE,meat
1890,156,25970.06,18446.80,RECIFE,12,FALSE,vegetable
1891,96,7694.28,5894.43,RECIFE,4,FALSE,vegetable
1892,167,20633.50,14646.84,FORTALEZA,4,FALSE,unknown
1893,201,34923.59,33348.11,SAO LUIS,13,FALSE,meat
1894,196,30469.16,24235.99,RECIFE,7,FALSE,unknown
1895,134,21838.80,19145.51,FORTALEZA,8,FALSE,meat
1896,191,46840.01,37297.47,FORTALEZA,15,TRUE,meat
1897,176,13687.60,11092.90,RECIFE,7,TRUE,vegetable
1898,172,12268.37,8472.11,NATAL,6,TRUE,vegetable
1899,218,38459.17,20105.70,NATAL,11,FALSE,meat
1900,176,39299.16,37583.04,NATAL,11,FALSE,unknown
1901,212,18562.03,14608.18,NATAL,6,FALSE,meat
1902,139,19840.83,17430.14,RECIFE,7,FALSE,meat
1903,123,6072.18,5833.26,RECIFE,2,FALSE,unknown
1904,133,3053.80,2991.49,RECIFE,1,FALSE,meat
1905,254,31667.09,30389.14,RECIFE,12,FALSE,meat
1906,169,8485.28,6568.80,SAO LUIS,4,FALSE,vegetable
1907,125,4136.96,3428.76,NATAL,1,FALSE,meat
1908,259,43377.34,36613.28,NATAL,15,FALSE,meat
1909,175,24588.09,19163.76,SAO LUIS,13,TRUE,vegetable
1910,236,18191.94,13552.61,FORTALEZA,5,FALSE,meat
1911,201,16446.37,12675.26,SAO LUIS,5,FALSE,meat
1912,187,24104.82,16113.09,RECIFE,5,FALSE,unknown
1913,299,47679.12,32507.64,FORTALEZA,9,FALSE,unknown
1914,114,14689.39,13524.81,FORTALEZA,5,FALSE,meat
1915,179,20121.04,14239.84,NATAL,9,TRUE,vegetable
1916,269,35567.84,24940.75,RECIFE,10,FALSE,meat
1917,193,71111.18,48683.09,SAO LUIS,14,TRUE,unknown
1918,290,71111.47,49964.75,RECIFE,14,FALSE,unknown
1919,140,24807.37,18845.48,NATAL,13,FALSE,vegetable
1920,209,27087.01,19112.95,FORTALEZA,8,FALSE,meat
1921,180,18120.62,17614.29,RECIFE,5,TRUE,unknown
1922,174,18589.21,17680.57,SAO LUIS,7,TRUE,meat
1923,221,42818.55,36702.29,NATAL,15,FALSE,meat
1924,180,16238.02,13627.71,SAO LUIS,4,TRUE,unknown
1925,130,9835.20,6856.84,SAO LUIS,5,FALSE,vegetable
1926,182,55374.43,51252.77,RECIFE,15,TRUE,unknown
1927,219,36182.91,26459.54,SAO LUIS,11,FALSE,meat
1928,187,29024.60,24313.77,NATAL,7,FALSE,unknown
1929,180,35609.76,28071.24,FORTALEZA,8,TRUE,unknown
1930,126,8712.46,7151.08,FORTALEZA,3,FALSE,meat
1931,177,32330.16,25762.13,RECIFE,10,FALSE,meat
1932,238,20772.00,19697.91,FORTALEZA,8,FALSE,meat
1933,207,21965.44,20793.20,FORTALEZA,8,FALSE,meat
1934,197,33337.11,31507.10,SAO LUIS,13,FALSE,meat
1935,182,8602.71,8452.44,SAO LUIS,6,FALSE,vegetable
1936,154,18469.50,13057.33,RECIFE,5,FALSE,meat
1937,193,17687.76,15837.43,RECIFE,6,FALSE,meat
1938,192,46307.30,45532.57,NATAL,13,TRUE,unknown
1939,257,39072.65,28453.07,SAO LUIS,8,FALSE,unknown
1940,136,29081.43,21927.73,NATAL,6,FALSE,unknown
1941,120,10498.58,7080.22,RECIFE,3,FALSE,meat
1942,176,47305.66,46929.75,RECIFE,13,TRUE,unknown
1943,183,51498.29,42676.75,RECIFE,12,TRUE,unknown
1944,170,13638.58,12338.56,NATAL,4,TRUE,unknown
1945,245,41877.41,30176.19,RECIFE,12,FALSE,meat
1946,228,45812.65,37468.54,SAO LUIS,11,FALSE,unknown
1947,127,7592.33,6777.89,FORTALEZA,3,FALSE,meat
1948,178,31104.23,26791.01,SAO LUIS,11,FALSE,meat
1949,188,41975.83,34676.02,SAO LUIS,10,TRUE,unknown
1950,118,4553.42,3348.10,FORTALEZA,1,FALSE,meat
1951,190,39485.37,31229.59,SAO LUIS,12,FALSE,meat
1952,185,46367.25,30949.59,NATAL,12,TRUE,meat
1953,176,30128.12,20680.80,RECIFE,6,TRUE,unknown
1954,153,14449.81,9889.96,NATAL,4,FALSE,meat
1955,175,8476.61,7317.77,SAO LUIS,5,TRUE,vegetable
1956,156,24848.83,20360.09,NATAL,6,FALSE,unknown
1957,152,6362.57,5234.05,FORTALEZA,2,FALSE,meat
1958,132,18555.61,12683.01,RECIFE,5,FALSE,meat
1959,175,46508.76,38050.00,SAO LUIS,11,TRUE,unknown
1960,175,27900.58,18749.96,FORTALEZA,7,FALSE,meat
1961,182,32154.12,26567.55,RECIFE,8,TRUE,unknown
1962,169,35285.98,20105.70,NATAL,9,FALSE,unknown
1963,191,31267.58,24087.11,RECIFE,10,FALSE,meat
1964,166,30920.90,22251.16,FORTALEZA,9,FALSE,meat
1965,202,23322.38,16080.89,FORTALEZA,5,FALSE,unknown
1966,151,34291.16,31187.90,FORTALEZA,12,FALSE,meat
1967,124,9687.06,8098.63,FORTALEZA,3,FALSE,meat
1968,170,15155.57,11357.40,RECIFE,5,FALSE,meat
1969,181,35565.18,20105.70,RECIFE,8,TRUE,unknown
1970,151,8653.50,7260.95,NATAL,3,FALSE,meat
1971,143,9499.03,6810.06,NATAL,3,FALSE,meat
1972,183,27004.28,19542.60,RECIFE,13,TRUE,vegetable
1973,302,50484.60,39602.02,RECIFE,11,FALSE,unknown
1974,139,14872.99,12091.60,SAO LUIS,5,FALSE,meat
1975,170,17811.70,12198.54,RECIFE,8,TRUE,vegetable
1976,176,8431.10,6058.18,RECIFE,4,TRUE,vegetable
1977,84,2643.29,2642.09,SAO LUIS,1,FALSE,meat
1978,166,18988.38,16366.59,SAO LUIS,11,TRUE,vegetable
1979,217,31008.59,22398.82,SAO LUIS,6,FALSE,unknown
1980,285,27562.44,22172.87,RECIFE,9,FALSE,meat
1981,140,13439.09,9098.02,RECIFE,4,FALSE,meat
1982,179,38170.85,26130.36,FORTALEZA,10,TRUE,meat
1983,217,28184.41,19675.70,RECIFE,6,FALSE,unknown
1984,253,40007.57,30228.20,RECIFE,12,FALSE,meat
1985,146,13356.38,10636.72,FORTALEZA,4,FALSE,meat
1986,183,13926.57,13608.56,RECIFE,9,TRUE,vegetable
1987,129,6790.26,5806.09,RECIFE,2,FALSE,unknown
1988,172,11910.84,11263.78,FORTALEZA,3,TRUE,unknown
1989,247,32409.70,29173.72,SAO LUIS,12,FALSE,meat
1990,116,19428.16,16749.40,RECIFE,7,FALSE,meat
1991,195,53696.25,45350.97,NATAL,13,FALSE,unknown
1992,177,26922.01,23825.33,RECIFE,10,FALSE,meat
1993,132,10457.93,8609.75,RECIFE,3,FALSE,meat
1994,202,40625.73,30305.85,RECIFE,12,FALSE,meat
1995,143,22642.03,19776.14,RECIFE,13,FALSE,vegetable
1996,176,28982.30,24265.02,RECIFE,10,FALSE,meat
1997,166,5188.44,4772.77,FORTALEZA,2,TRUE,meat
1998,179,11975.85,10087.81,RECIFE,4,TRUE,meat
1999,162,23516.28,23310.24,RECIFE,9,FALSE,meat
2000,150,8051.40,6417.92,RECIFE,4,FALSE,vegetable